DATE,MORTGAGE15US_Monthly Change,MORTGAGE30US_Monthly Change,MORTGAGE5US_Monthly Change,Rent Index Mon_Chg,NASDAQCOM Mon_Chg,WILL5000 Per_Mon_Chg,House Completed,House Under Construction,5yr_Maturity Per_Mon_Chg,10yr_Maturity Per_Mon_Chg,30yr_Maturity Per_Mon_Chg,CPI Mon_Chg,House Index Monthly Change,Year,Month,Unemployment Rate,Unemployment Rate - Black or African American,Unemployment Rate - White,Insured Unemployment Rate,Number Unemployed for 27 Weeks & Over,EMRATIO,Personal Income,Real Personal Income,Job Openings- Total Nonfarm,AverageHourlySalary-Private,Median Sales Price for New Houses Sold,Real Private Residential Fixed Investment,Total Construction Spending- Residential,Monthly Supply of Houses in the United States,Homeownership Rate for the United States
2000-01-01,0.0,0.0,0.0,0.0,0.0,0.0,12.62,6.79,0.0,0.0,0.0,0.0,0.0,2000,1,4.0,8.2,3.4,2.16,721,64.6,8396.8,10855.813,,,163500.0,,,4.3,67.1
2000-02-01,0.1299999999999999,0.1149999999999984,,0.2211199999999991,19.19474,2.11918,13.26,6.78,1.5197568389057698,-3.892215568862272,-6.033182503770731,0.4134700000000038,0.7869999999999919,2000,2,4.1,8.1,3.6,2.075,629,64.6,8458.0,10899.897,,,162400.0,,,4.3,
2000-03-01,-0.1005000000000002,-0.084999999999999,,0.3316700000000026,-3.1433699999999902,5.811405849518185,13.12,6.75,-2.694610778443109,-6.074766355140183,-2.889245585874809,0.5906599999999997,0.7879999999999967,2000,3,4.0,7.4,3.5,1.95,646,64.6,8516.9,10929.236,,,165100.0,,,4.3,
2000-04-01,-0.032,-0.0875000000000003,,0.2211199999999991,-18.07378,-5.277494328285175,13.07,6.72,-3.692307692307696,3.316749585406305,-3.305785123966945,-0.0590600000000023,0.7950000000000017,2000,4,3.8,7.0,3.4,1.64,599,64.7,8551.4,10984.37,,,162600.0,,,4.4,67.3
2000-05-01,0.3824999999999994,0.3625000000000007,,0.2763899999999921,-11.667740000000007,-3.609141504042785,13.34,6.66,6.869009584664547,0.9630818619582602,5.12820512820514,0.1771999999999991,0.7550000000000097,2000,5,4.0,7.7,3.5,1.45,643,64.4,8586.8,11021.996,,,164700.0,,,4.4,
2000-06-01,-0.1904999999999992,-0.2270000000000003,,0.3316800000000057,14.343900000000003,4.332648369034552,11.9,6.63,-5.829596412556063,-4.133545310015895,-3.5772357723577333,0.5906700000000029,0.7459999999999951,2000,6,4.0,7.8,3.4,1.5,627,64.5,8637.0,11050.319,,,160100.0,,,4.8,
2000-07-01,-0.1269999999999997,-0.1404999999999994,,0.3869499999999988,-5.053359999999998,-2.1161609331548887,11.87,6.58,-1.9047619047619069,0.1658374792703115,-1.349072512647556,0.2953299999999927,0.6299999999999955,2000,7,4.0,7.7,3.5,1.62,698,64.2,8701.1,11105.581,,,169000.0,,,4.1,67.5
2000-08-01,-0.1025,-0.120000000000001,,0.3869600000000019,11.150279999999997,7.124587656922618,12.31,6.59,-1.941747572815536,-5.132450331125821,-2.2222222222222205,0.0,0.7139999999999986,2000,8,4.1,7.9,3.6,1.575,709,64.2,8742.0,11159.103,,,166600.0,,,4.4,
2000-09-01,-0.1585,-0.1154999999999999,,0.3316700000000026,-13.540170000000003,-4.668820805740655,11.75,6.56,-2.145214521452144,1.221640488656185,1.923076923076929,0.5315999999999974,0.7700000000000102,2000,9,3.9,7.3,3.5,1.44,646,64.2,8779.7,11159.329,,,171500.0,,,4.0,
2000-10-01,-0.1340000000000003,-0.1169999999999999,,0.3869600000000019,-7.694490000000002,-2.193811586663032,11.76,6.6,-2.5295109612141564,-0.5172413793103492,-0.514579759862783,0.1772000000000133,0.8429999999999893,2000,10,3.9,7.3,3.4,1.4,627,64.2,8803.4,11173.664,,,176300.0,,,4.0,67.5
2000-11-01,-0.0524999999999993,-0.0499999999999998,,0.3316700000000026,-19.58456,-10.05236331491502,12.27,6.55,-1.3840830449827002,-5.025996533795479,-0.3448275862068892,0.1771999999999991,0.9200000000000016,2000,11,3.9,7.3,3.5,1.6,593,64.3,8814.1,11172.874,,,174700.0,,,4.2,
2000-12-01,-0.3615000000000004,-0.3630000000000004,,0.3869599999999877,-3.233469999999997,1.6669739682593063,12.27,6.55,-9.29824561403509,-6.569343065693436,-5.017301038062285,0.2362699999999904,0.8380000000000081,2000,12,3.9,7.4,3.5,1.98,642,64.4,8843.8,11195.938,5088.0,,162000.0,,,3.6,
2001-01-01,-0.4160000000000003,-0.3494999999999999,,0.3316700000000026,7.669629999999998,3.740838118469101,11.22,6.7,-5.996131528046414,1.3671875000000056,0.9107468123861534,0.5906599999999997,0.7079999999999984,2001,1,4.2,8.2,3.6,2.325,676,64.4,8947.6,11276.396,5234.0,,171300.0,,,3.8,67.6
2001-02-01,0.0,0.0175,,0.3869499999999988,-15.757489999999995,-9.548221411688148,11.98,6.72,0.6172839506172707,-5.202312138728332,-1.6245487364620912,0.2362700000000046,0.6529999999999916,2001,2,4.2,7.7,3.7,2.375,714,64.3,8985.7,11308.803,5097.0,,169100.0,,,3.7,
2001-03-01,-0.1319999999999996,-0.0979999999999998,,0.4422399999999982,-7.907160000000005,-6.822055630652624,11.93,6.76,-5.112474437627812,0.2032520325203209,-2.0183486238532167,0.0590700000000055,0.6080000000000041,2001,3,4.3,8.3,3.7,2.32,696,64.3,9018.6,11349.539,4762.0,,166300.0,,,3.8,
2001-04-01,0.0869999999999997,0.1254999999999997,,0.386950000000013,7.00394,8.140350938242618,12.42,6.83,2.5862068965517264,8.519269776876266,5.805243445692893,0.1771999999999991,0.5430000000000064,2001,4,4.4,8.0,3.9,2.125,712,64.0,9013.4,11322.69,4615.0,,175200.0,,,3.9,67.8
2001-05-01,0.08,0.0674999999999999,,0.4975099999999912,-0.1459199999999967,0.8491645459292849,12.24,6.87,3.57142857142857,1.4953271028037398,2.30088495575221,0.5315999999999974,0.5120000000000005,2001,5,4.3,7.9,3.8,2.025,624,63.8,9011.7,11290.341,4425.0,,175300.0,,,4.0,
2001-06-01,0.0250000000000003,0.0150000000000005,,0.3869600000000019,1.2701899999999997,-1.7490639883809844,12.83,6.88,-2.4340770791075075,-0.1841620626150973,-1.9031141868512167,0.2362699999999904,0.6329999999999956,2001,6,4.5,8.3,4.0,2.1,710,63.7,9015.6,11274.818,4361.0,,179400.0,,,4.2,
2001-07-01,-0.0175,-0.0324999999999997,,0.3869499999999988,-3.3857399999999984,-1.741357353121967,12.73,6.89,-1.039501039501036,-6.457564575645749,-1.0582010582010517,-0.1771999999999991,0.695999999999998,2001,7,4.6,8.0,4.0,2.35,702,63.7,9011.7,11273.766,4447.0,,175000.0,,,4.2,67.9
2001-08-01,-0.1825000000000001,-0.1775000000000002,,0.3869600000000019,-5.626400000000004,-6.186555997867721,12.81,6.92,-3.991596638655452,-4.339250493096659,-2.317290552584668,0.0,0.6760000000000019,2001,8,4.9,9.1,4.3,2.25,857,63.2,9003.1,11263.875,4024.0,,173700.0,,,4.4,
2001-09-01,-0.1600000000000001,-0.1325000000000002,,0.442229999999995,-7.781799999999997,-9.054976879012004,12.62,6.9,-9.846827133479216,-5.154639175257732,0.0,0.4134600000000006,0.6440000000000055,2001,9,5.0,8.9,4.3,2.14,819,63.5,8987.6,11282.01,4071.0,,166400.0,,,4.4,
2001-10-01,-0.2424999999999997,-0.2000000000000001,,0.3869499999999988,4.857439999999997,2.4459963643623333,13.34,6.81,-5.097087378640776,-6.52173913043478,-2.9197080291970825,-0.2953299999999927,0.4969999999999999,2001,10,5.3,9.5,4.7,2.325,909,63.2,9017.2,11278.262,3707.0,,171300.0,,,4.3,67.9
2001-11-01,0.0484999999999997,0.0405000000000006,,0.3869600000000019,6.100470000000001,7.498223760167039,12.42,6.83,1.5345268542199502,11.16279069767443,-3.7593984962406046,-0.0590700000000055,0.5459999999999923,2001,11,5.5,9.8,4.9,2.575,1106,63.0,9023.9,11293.592,3775.0,,168100.0,,,4.1,
2001-12-01,0.3965000000000005,0.407,,0.4422300000000092,0.5030000000000001,1.6733612591202405,13.51,6.73,10.579345088161196,6.066945606694561,7.031250000000005,-0.0590600000000023,0.597999999999999,2001,12,5.7,10.1,5.1,2.94,1126,62.9,9031.0,11314.301,3677.0,,180200.0,,,3.8,
2002-01-01,-0.0625,-0.0675000000000007,,0.3316799999999915,-0.4154399999999967,-1.335395994491601,13.24,6.69,-1.1389521640091078,0.0,-0.5474452554744571,0.1771999999999991,0.6910000000000025,2002,1,5.7,10.0,5.1,3.4,1203,62.7,9046.9,11325.709,3699.0,,187100.0,675.867,382979.0,4.2,67.9
2002-02-01,-0.1050000000000004,-0.1049999999999995,,0.3869499999999988,-5.140160000000002,-2.194093196894697,13.7,6.76,-0.921658986175116,-3.747534516765293,0.0,0.1772000000000133,0.7019999999999982,2002,2,5.7,9.9,5.0,3.325,1214,63.0,9056.6,11319.255,3436.0,,191100.0,,391434.0,4.0,
2002-03-01,0.141,0.1215000000000001,,0.3316800000000057,2.8895899999999983,4.285828976324843,13.24,6.76,10.232558139534891,11.065573770491804,6.605504587155952,0.2953299999999927,0.8430000000000035,2002,3,5.7,10.5,5.0,3.2,1330,62.8,9069.9,11304.44,3612.0,,183400.0,,390942.0,4.1,
2002-04-01,-0.0410000000000003,-0.0289999999999999,,0.2211099999999959,-3.987459999999999,-4.960779279682464,12.58,6.79,-1.898734177215187,-5.719557195571948,-0.3442340791738308,0.4725300000000061,0.9230000000000018,2002,4,5.9,10.7,5.2,2.875,1457,62.7,9122.2,11320.618,3471.0,,187100.0,692.633,404255.0,4.3,67.8
2002-05-01,-0.1949999999999994,-0.1790000000000002,,0.2211199999999991,-1.8399399999999984,-1.315183978738372,13.59,6.86,-3.440860215053766,-0.5870841487279892,-0.518134715025911,0.1181399999999968,1.1129999999999995,2002,5,5.8,10.2,5.1,2.65,1574,62.9,9148.5,11345.334,3457.0,,181000.0,,399164.0,4.0,
2002-06-01,-0.1749999999999998,-0.1559999999999997,,0.3316700000000026,-3.870719999999999,-7.14846953255994,12.81,6.89,-6.681514476614694,-4.330708661417318,-1.3888888888888902,0.0590600000000023,1.087999999999994,2002,6,5.8,10.5,5.1,2.58,1641,62.7,9175.8,11365.35,3412.0,,190600.0,,407305.0,4.2,
2002-07-01,-0.1750000000000007,-0.165,,0.2763999999999953,-3.424820000000004,-8.174421419549017,12.75,6.96,-9.0692124105012,-7.2016460905349895,-1.5845070422535186,0.2362699999999904,1.0750000000000028,2002,7,5.8,9.8,5.2,2.725,1584,62.7,9161.9,11325.366,3367.0,,175600.0,694.662,410171.0,4.2,67.9
2002-08-01,-0.2279999999999997,-0.1950000000000002,,0.1658400000000028,-0.3403300000000016,0.4305470531686739,13.39,6.84,-13.648293963254591,-8.203991130820402,-5.545617173524144,0.2953400000000101,0.9429999999999978,2002,8,5.7,9.8,5.1,2.52,1573,62.7,9172.4,11317.208,3517.0,,178900.0,,404055.0,4.0,
2002-09-01,-0.1944999999999996,-0.1974999999999998,,0.2763900000000063,-3.62379,-10.173403794390946,13.31,6.91,-10.638297872340427,-12.31884057971014,-6.060606060606066,0.1771999999999991,0.9480000000000076,2002,9,5.7,9.7,5.1,2.35,1580,63.0,9189.0,11317.786,3301.0,,177500.0,,400059.0,3.9,
2002-10-01,-0.0075000000000002,0.0199999999999995,,0.2763999999999953,4.0019300000000015,7.5085899306337955,12.86,6.94,0.3401360544217766,8.264462809917363,4.435483870967737,0.2362600000000014,0.9549999999999984,2002,10,5.7,9.8,5.1,2.35,1653,62.7,9222.7,11338.134,3479.0,,189200.0,707.157,402091.0,4.0,68.2
2002-11-01,-0.0359999999999995,-0.0445000000000002,,0.3316700000000026,3.7821500000000015,5.855825477112079,14.01,6.95,3.389830508474564,7.37913486005088,0.0,0.1771999999999991,0.9339999999999976,2002,11,5.9,10.7,5.1,2.54,1743,62.5,9253.9,11365.197,3514.0,,181200.0,,406609.0,4.0,
2002-12-01,-0.0140000000000002,-0.0204999999999992,,0.2763999999999953,-3.63597,-5.691596642928435,13.49,7.0,-0.6557377049180334,-9.241706161137431,-0.965250965250962,0.1771999999999991,0.9539999999999936,2002,12,6.0,11.3,5.1,2.875,1924,62.4,9287.8,11396.951,3169.0,,197600.0,,416844.0,4.0,
2003-01-01,-0.1459999999999999,-0.1314999999999999,,0.4422300000000092,-0.3705199999999991,-2.614347576289205,13.17,7.17,0.6600660066006607,4.438642297650128,0.1949317738791381,0.4725399999999951,0.8390000000000128,2003,1,5.8,10.5,5.2,3.3,1760,62.5,9295.1,11374.851,3441.0,,181700.0,720.182,423049.0,4.0,68.1
2003-02-01,-0.0840000000000005,-0.0735000000000001,,0.1658399999999886,0.4215299999999971,-1.876549699231952,13.42,7.15,-4.918032786885243,-7.250000000000001,-2.3346303501945544,0.5906599999999997,0.8949999999999818,2003,2,5.9,10.7,5.1,3.25,1864,62.5,9305.6,11342.881,3229.0,,187000.0,,422705.0,4.5,
2003-03-01,-0.1549999999999993,-0.0975000000000001,,0.2764000000000095,0.0926299999999997,0.9941634983828138,13.05,7.21,-4.137931034482762,3.234501347708898,0.1992031872510095,0.1771999999999991,0.7920000000000016,2003,3,5.9,10.3,5.1,3.18,1798,62.4,9344.6,11364.418,3099.0,,185100.0,,418232.0,4.1,
2003-04-01,0.0524999999999993,0.0674999999999999,,0.2763899999999921,3.1251099999999994,8.074038861430513,13.5,7.23,5.395683453237423,1.5665796344647531,1.9880715705765333,-0.4134600000000006,0.7369999999999948,2003,4,6.0,10.9,5.3,2.925,1927,62.4,9364.6,11411.466,3108.0,,189500.0,731.656,425493.0,4.1,68.2
2003-05-01,-0.2574999999999994,-0.3285,,0.2764000000000095,3.339800000000004,5.94025219149037,13.9,7.24,-13.99317406143345,-13.367609254498714,-7.212475633528268,-0.1771999999999991,0.8500000000000227,2003,5,6.1,10.9,5.4,2.7,1929,62.3,9423.2,11498.265,3289.0,,195500.0,,426270.0,3.9,
2003-06-01,-0.2324999999999999,-0.2539999999999995,,0.1658299999999997,0.6824299999999965,1.339969723776833,13.54,7.37,-9.92063492063492,5.044510385756674,-2.941176470588229,0.1181300000000078,0.914999999999992,2003,6,6.3,11.5,5.5,2.675,2100,62.3,9465.6,11539.2,3390.0,,187900.0,,436163.0,3.5,
2003-07-01,0.3399999999999998,0.4024999999999998,,0.2763999999999953,2.847970000000004,2.277456373984573,14.24,7.44,26.43171806167401,26.8361581920904,11.038961038961034,0.3543999999999982,1.1260000000000048,2003,7,6.2,10.9,5.4,2.85,1972,62.1,9501.3,11549.941,2981.0,,190200.0,773.589,454040.0,3.6,68.3
2003-08-01,0.6204999999999998,0.6315,,0.2211199999999991,1.9142999999999968,2.25396554180703,13.29,7.56,17.421602787456443,-0.8908685968819607,6.23781676413256,0.4725399999999951,1.1920000000000073,2003,8,6.1,10.9,5.4,2.62,1995,62.1,9544.5,11565.037,3190.0,,190500.0,,458676.0,3.5,
2003-09-01,-0.1305000000000005,-0.1165000000000002,,0.2763900000000063,-0.5966499999999968,-1.2371883958000822,14.13,7.69,-5.637982195845695,-11.011235955056184,-3.11926605504587,0.3543999999999982,1.3259999999999934,2003,9,6.1,11.1,5.3,2.4,2014,62.0,9580.9,11574.945,3091.0,,192000.0,,463954.0,3.8,
2003-10-01,-0.1834999999999995,-0.1955,,0.1105599999999924,3.686729999999997,5.957088865412706,14.79,7.81,0.3144654088050247,9.343434343434346,0.3787878787878707,-0.1181399999999968,1.2390000000000043,2003,10,6.0,11.4,5.1,2.325,1959,62.1,9617.8,11620.297,3305.0,,194100.0,796.615,475234.0,3.8,68.5
2003-11-01,-0.0015,-0.0194999999999998,,0.2763999999999953,0.7118600000000015,1.248964469361889,14.39,7.94,3.134796238244517,0.2309468822170851,-0.943396226415091,0.0590700000000055,1.2620000000000005,2003,11,5.8,10.2,5.2,2.46,2006,62.3,9688.0,11690.647,3324.0,,207100.0,,490441.0,4.1,
2003-12-01,-0.0685000000000002,-0.0564999999999997,,0.1658299999999997,1.094070000000002,4.321867849728815,14.34,8.12,-0.6079027355623106,-1.6129032258064582,-0.7619047619047626,0.2953299999999927,1.3859999999999957,2003,12,5.7,10.1,5.0,2.725,1931,62.2,9719.3,11701.031,3414.0,,196000.0,,508637.0,4.0,
2004-01-01,-0.189,-0.1634999999999999,,0.2211199999999991,1.5932599999999937,2.1257189648939208,14.34,8.18,-4.58715596330275,-2.576112412177973,-1.5355086372360858,0.4725399999999951,1.4669999999999843,2004,1,5.7,10.4,5.0,3.1,1911,62.3,9737.2,11673.666,3424.0,,209500.0,805.874,503659.0,3.8,68.7
2004-02-01,-0.0774999999999996,-0.0775000000000005,,0.2764000000000095,-0.921999999999997,1.3028128084094754,14.47,8.18,-1.602564102564111,-4.08653846153846,-0.974658869395708,0.2362600000000014,1.545000000000016,2004,2,5.6,9.7,4.9,2.975,1856,62.3,9772.3,11688.277,3532.0,,219600.0,,505081.0,3.7,
2004-03-01,-0.1974999999999998,-0.1899999999999995,,0.2763899999999921,-0.9034800000000018,-1.1945806143269917,14.91,8.37,-9.120521172638432,-3.2581453634085293,-3.543307086614168,0.2362700000000046,1.8669999999999904,2004,3,5.8,10.3,5.1,2.725,1983,62.2,9824.2,11730.978,3525.0,,209600.0,,511829.0,3.6,
2004-04-01,0.4180000000000001,0.3849999999999998,,0.3316800000000057,-1.879779999999997,-2.226204666866883,16.45,8.38,21.505376344086024,17.357512953367884,7.755102040816324,0.1771999999999991,1.5330000000000157,2004,4,5.6,9.8,5.0,2.425,1805,62.3,9880.9,11777.237,3511.0,,222300.0,831.424,517912.0,4.0,69.4
2004-05-01,0.4794999999999998,0.4399999999999995,,0.3316700000000026,1.689949999999996,1.2285839910341796,15.05,8.53,13.569321533923304,2.8697571743929338,4.3560606060605975,0.4725300000000061,1.5909999999999798,2004,5,5.6,10.1,4.9,2.16,1799,62.3,9969.6,11844.274,3710.0,,211700.0,,528180.0,3.8,
2004-06-01,0.0224999999999999,0.0175,,0.3316799999999915,1.54936,1.9981303703416688,15.21,8.55,2.0779220779220795,-0.858369098712447,-0.5444646098003514,0.4134699999999895,1.6640000000000157,2004,6,5.6,10.2,5.0,2.175,1847,62.4,10010.3,11858.492,3337.0,,215700.0,,533358.0,3.9,
2004-07-01,-0.1959999999999997,-0.2314999999999996,,0.2763900000000063,-4.071469999999998,-3.840249915354175,15.46,8.59,-6.106870229007639,-2.5974025974026,-3.102189781021913,0.118140000000011,1.4879999999999995,2004,7,5.5,11.0,4.7,2.24,1681,62.5,10054.1,11898.458,3814.0,,212400.0,837.354,549031.0,4.5,68.9
2004-08-01,-0.2040000000000006,-0.1885000000000003,,0.3316800000000057,-1.2501400000000018,0.1760772260738099,15.54,8.67,-5.962059620596199,-8.222222222222225,-3.013182674199609,0.0590599999999881,1.2959999999999925,2004,8,5.4,10.5,4.7,2.1,1640,62.4,10098.6,11944.486,3541.0,,218100.0,,557411.0,4.3,
2004-09-01,-0.1159999999999996,-0.1135000000000001,,0.2763899999999921,1.4907299999999992,1.474553546615104,15.33,8.7,-3.170028818443813,0.2421307506053217,-3.300970873786406,0.3544000000000125,1.5459999999999925,2004,9,5.4,10.3,4.6,1.925,1702,62.3,10131.5,11959.694,3821.0,,211600.0,,552375.0,4.1,
2004-10-01,-0.0289999999999999,-0.0314999999999994,,0.1658400000000028,1.9833300000000025,1.493788260144452,15.39,8.8,-0.2976190476190413,-2.1739130434782576,-0.8032128514056232,0.5906699999999887,1.5730000000000075,2004,10,5.5,10.8,4.6,1.86,1737,62.3,10184.1,11970.427,3943.0,,229200.0,848.905,556425.0,3.9,69.1
2004-11-01,0.0199999999999995,0.0075000000000002,,0.1658400000000028,3.0916,4.4819768046440025,14.64,8.84,5.3731343283582005,7.654320987654334,0.2024291497975665,0.5316000000000116,1.7779999999999916,2004,11,5.4,10.7,4.6,2.0,1702,62.5,10202.0,11945.706,3472.0,,224500.0,,555944.0,4.3,
2004-12-01,0.0430000000000001,0.0219999999999993,,0.3316699999999883,1.995510000000003,3.457477786544452,16.55,8.91,1.9830028328611984,-2.752293577981653,-0.8080808080808087,0.0,1.802000000000021,2004,12,5.4,10.7,4.5,2.2,1653,62.4,10556.1,12354.11,4074.0,,229600.0,,571871.0,4.1,
2005-01-01,-0.0054999999999996,-0.0419999999999998,,0.3316800000000057,-2.86853,-2.712806882175621,15.89,9.04,3.055555555555552,-2.358490566037748,-2.851323828920582,-0.0590700000000055,1.9579999999999984,2005,1,5.3,10.6,4.5,2.62,1648,62.4,10292.1,12029.712,3804.0,,223100.0,868.948,581168.0,4.4,69.2
2005-02-01,-0.0224999999999999,-0.0824999999999995,-0.0149999999999996,0.3316700000000026,-0.2712900000000005,2.000037095461759,16.08,9.18,1.617250673854449,5.314009661835764,-4.40251572327044,0.4725399999999951,2.055999999999983,2005,2,5.4,10.9,4.6,2.5,1628,62.4,10329.4,12040.24,3965.0,,237300.0,,594003.0,4.3,
2005-03-01,0.314,0.3004999999999995,0.2735000000000003,0.2763999999999953,-1.3321200000000033,-1.8765040183946649,15.24,9.08,10.610079575596815,3.21100917431192,4.605263157894736,0.4134700000000038,2.4680000000000177,2005,3,5.2,10.5,4.5,2.35,1660,62.4,10393.9,12080.643,4044.0,,229300.0,,597200.0,4.1,
2005-04-01,-0.0565000000000006,-0.0729999999999995,-0.0310000000000005,0.3316800000000057,-1.96886,-2.3174746282130103,16.26,9.12,-4.0767386091127085,-6.4444444444444455,-2.5157232704402355,0.3543999999999982,1.688999999999993,2005,4,5.2,10.3,4.4,2.08,1609,62.7,10457.5,12122.341,4159.0,,236300.0,884.989,603975.0,4.3,68.7
2005-05-01,-0.1274999999999995,-0.1350000000000006,-0.1374999999999993,0.2763899999999921,3.7197200000000015,3.614410714703457,17.5,9.13,-3.749999999999998,-4.988123515439429,-3.440860215053766,-0.0590700000000055,1.8499999999999943,2005,5,5.1,10.1,4.4,1.875,1538,62.8,10511.5,12179.018,3797.0,,228300.0,,609170.0,4.2,
2005-06-01,-0.1120000000000001,-0.1379999999999999,-0.0635000000000003,0.2764000000000095,-0.2857600000000033,0.6642701598961818,16.79,9.13,-2.0779220779220795,-1.500000000000001,-4.677060133630288,0.0590700000000055,1.8389999999999984,2005,6,5.0,10.2,4.3,1.9,1375,62.7,10546.6,12212.817,4062.0,,226100.0,,622726.0,4.3,
2005-07-01,0.1094999999999997,0.1130000000000004,0.1535000000000002,0.3869499999999988,3.2451399999999992,4.020013082575774,16.39,9.2,5.570291777188328,8.62944162436549,2.3364485981308327,0.7087999999999965,1.6690000000000111,2005,7,5.0,9.2,4.2,2.0,1380,62.8,10599.9,12222.897,4256.0,,229200.0,894.69,634572.0,4.2,68.7
2005-08-01,0.1225000000000005,0.125,0.1174999999999997,0.2211199999999991,-0.8308899999999966,-1.088277759439615,16.49,9.33,3.517587939698496,-6.074766355140202,1.3698630136986416,0.7088000000000108,1.5829999999999984,2005,8,4.9,9.7,4.2,1.875,1407,62.9,10658.1,12241.01,4142.0,,240100.0,,639501.0,4.5,
2005-09-01,-0.0420000000000007,-0.0460000000000002,-0.0250000000000003,0.3316700000000026,-0.0101500000000029,0.6867746611678103,16.31,9.45,-2.669902912621367,7.9601990049751326,0.2252252252252204,1.5947999999999922,1.9950000000000043,2005,9,5.0,9.4,4.4,1.8,1439,62.8,10727.0,12202.979,4352.0,,240400.0,,652748.0,4.7,
2005-10-01,0.2670000000000003,0.2910000000000003,0.2575000000000003,0.3316799999999915,-0.7966300000000004,-1.9469349887420688,16.18,9.55,7.980049875311729,5.299539170506922,4.269662921348303,0.1771999999999991,1.5909999999999798,2005,10,5.0,9.1,4.4,1.88,1422,62.8,10822.7,12293.246,4184.0,,243900.0,892.932,664407.0,4.5,68.9
2005-11-01,0.2374999999999998,0.2649999999999997,0.2275,0.3316700000000026,2.855580000000004,3.760298066928408,16.33,9.71,2.7713625866050835,-1.7505470459518613,1.2931034482758728,-0.5906700000000029,1.65300000000002,2005,11,5.0,10.6,4.3,1.925,1370,62.7,10890.4,12396.53,4248.0,,237900.0,,670757.0,5.0,
2005-12-01,-0.0464999999999999,-0.0579999999999998,-0.0110000000000001,0.2211199999999991,-0.6979000000000042,0.0045631551793598,16.62,9.76,-1.348314606741584,-2.227171492204912,-1.7021276595744694,0.0,1.228999999999985,2005,12,4.9,9.2,4.2,2.18,1356,62.8,10949.7,12463.963,4282.0,,238600.0,,676135.0,4.9,
2006-01-01,-0.1059999999999998,-0.1270000000000006,-0.024,0.2763900000000063,2.550530000000002,3.4639013725894943,16.63,9.89,-0.9111617312072902,3.189066059225526,-1.0822510822510785,0.7088000000000108,1.4099999999999966,2006,1,4.7,8.9,4.1,2.425,1170,62.9,11136.9,12615.534,4397.0,,244900.0,884.566,681263.0,5.3,68.6
2006-02-01,0.1500000000000003,0.1075000000000008,0.1575000000000006,0.3869600000000019,-0.6199900000000014,-0.2237425812235912,17.42,9.9,5.057471264367831,0.4415011037527499,0.0,0.0590699999999912,0.9660000000000082,2006,2,4.8,9.5,4.1,2.3,1350,63.0,11192.0,12671.717,4325.0,,250800.0,,684482.0,6.1,
2006-03-01,0.1079999999999996,0.0714999999999994,0.0644999999999997,0.3869499999999988,1.4821000000000026,1.708527108887201,19.11,9.83,3.282275711159725,6.813186813186825,3.5010940919037226,0.1771999999999991,1.0769999999999982,2006,3,4.7,9.5,4.0,2.15,1309,63.1,11239.7,12704.101,4732.0,20.04,238800.0,,674457.0,5.9,
2006-04-01,0.1870000000000002,0.1835000000000004,0.1704999999999996,0.3869600000000019,-0.4370199999999968,0.99789565387488,17.37,9.62,3.8135593220339112,4.320987654320986,6.976744186046494,0.5906700000000029,-0.0339999999999918,2006,4,4.7,9.4,4.1,1.9,1331,63.0,11291.8,12708.846,4790.0,20.17,257000.0,840.306,656899.0,6.3,68.8
2006-05-01,0.0499999999999998,0.0899999999999998,0.0650000000000003,0.442229999999995,-3.646630000000002,-3.3959640941774545,16.09,9.6,2.0408163265306047,0.986193293885598,2.766798418972344,0.3543999999999982,-0.1730000000000018,2006,5,4.6,8.7,4.1,1.7,1333,63.1,11313.6,12701.954,4463.0,20.13,238200.0,,640049.0,6.2,
2006-06-01,0.1009999999999999,0.0845000000000002,0.0625,0.4975099999999912,-0.1723199999999991,0.0503080749524222,17.42,9.34,1.4000000000000057,0.5859375000000049,-0.961538461538458,0.295330000000007,-0.6490000000000009,2006,6,4.6,8.9,4.1,1.7,1145,63.1,11366.6,12730.66,4614.0,20.22,243200.0,,621219.0,6.3,
2006-07-01,0.0839999999999996,0.0804999999999998,0.0774999999999996,0.4422400000000124,-2.0460100000000025,-0.2196101390657608,16.54,9.13,-0.5917159763313657,-3.106796116504857,-0.3883495145631158,0.6497399999999942,-0.4380000000000166,2006,7,4.7,9.5,4.1,1.82,1304,63.0,11393.4,12715.713,4394.0,20.3,238100.0,793.783,604020.0,7.3,68.9
2006-08-01,-0.1919999999999992,-0.2385000000000001,-0.1754999999999995,0.4975099999999912,2.341920000000002,2.118098307802919,16.14,8.88,-4.36507936507936,-5.01002004008016,-2.534113060428848,0.5315999999999974,-0.4729999999999847,2006,8,4.7,8.8,4.1,1.75,1306,63.1,11424.0,12709.549,4710.0,20.32,243900.0,,590189.0,6.7,
2006-09-01,-0.1205000000000007,-0.1215000000000001,-0.1020000000000003,0.4975100000000054,1.8952699999999965,2.0765477018111547,16.75,8.64,-3.112033195020754,-2.109704641350222,-3.000000000000007,-0.5906699999999887,0.204999999999984,2006,9,4.5,9.0,3.9,1.62,1245,63.1,11470.7,12795.596,4737.0,20.41,226700.0,,579753.0,6.7,
2006-10-01,-0.0274999999999998,-0.0449999999999999,0.0075000000000002,0.442229999999995,2.7479800000000054,3.522173086737613,15.59,8.37,0.4282655246252775,-0.6465517241379173,0.0,-0.5316000000000116,0.4010000000000104,2006,10,4.4,8.4,3.9,1.6,1078,63.3,11510.1,12870.822,4591.0,20.44,250400.0,756.851,567752.0,7.3,68.8
2006-11-01,-0.0939999999999994,-0.1174999999999997,-0.0655000000000001,0.4422399999999982,1.6511199999999988,2.029614067401502,15.25,8.22,-2.345415778251606,-3.253796095444693,-3.298969072164933,0.0590700000000055,0.4099999999999966,2006,11,4.5,8.5,4.0,1.725,1131,63.3,11570.4,12933.502,4645.0,20.48,240100.0,,555299.0,6.6,
2006-12-01,-0.0760000000000005,-0.1050000000000004,-0.0769999999999999,0.5527900000000017,-0.4182400000000044,1.0245429789136895,15.09,8.05,-1.091703056768555,5.605381165919283,-0.2132196162047052,0.6497300000000052,0.5289999999999964,2006,12,4.4,8.3,3.9,2.04,1093,63.4,11671.2,12998.472,4620.0,20.57,244700.0,,551740.0,6.5,
2007-01-01,0.0849999999999999,0.0825000000000004,0.0774999999999996,0.4129300000000029,1.234410000000004,1.8004611789547782,15.01,7.79,4.856512141280348,2.5477707006369448,3.632478632478632,0.1990499999999997,0.3780000000000143,2007,1,4.6,7.9,4.2,2.325,1141,63.3,11744.7,13033.906,4763.0,20.6,254400.0,722.749,544096.0,7.2,68.5
2007-02-01,0.0549999999999997,0.0674999999999999,-0.0224999999999999,0.5522399999999976,-1.2125800000000029,-1.7820206070731253,13.18,7.69,-0.8421052631578954,-5.590062111801252,-0.6185567010309148,0.4660399999999924,0.079999999999984,2007,2,4.5,8.0,4.1,2.3,1249,63.3,11838.3,13096.338,4699.0,20.68,250800.0,,538260.0,7.9,
2007-03-01,-0.1359999999999992,-0.1290000000000004,-0.096,0.4438900000000103,0.1393199999999979,0.9860125084123122,13.12,7.57,-4.883227176220797,1.9736842105263324,-2.0746887966805088,0.6272900000000021,-0.4489999999999838,2007,3,4.4,8.4,3.8,2.16,1245,63.3,11927.2,13147.949,4962.0,20.72,262600.0,,534655.0,7.9,
2007-04-01,-0.0015,0.024,0.0084999999999997,0.3377600000000029,2.6254100000000093,3.907117079492045,12.76,7.47,2.45535714285713,-0.4301075268817303,3.1779661016949228,0.3638499999999993,-1.1410000000000196,2007,4,4.5,8.3,4.0,1.95,1206,63.0,11955.5,13151.498,4689.0,20.79,242500.0,694.27,530749.0,7.4,68.3
2007-05-01,0.0854999999999996,0.0819999999999998,0.0655000000000001,0.3847399999999936,2.015809999999988,3.45058531963048,12.78,7.3,1.7429193899782152,5.831533477321824,0.6160164271047278,0.5026600000000059,-1.407999999999987,2007,5,4.4,8.3,3.9,1.725,1132,63.0,11982.7,13144.673,4657.0,20.84,245000.0,,521499.0,7.8,
2007-06-01,0.3719999999999999,0.3955000000000002,0.3269999999999999,0.3465999999999951,-0.0327399999999897,-1.7266208024887653,12.2,7.22,7.708779443254825,2.653061224489793,6.122448979591832,0.2829299999999932,-1.3449999999999989,2007,6,4.6,8.5,4.1,1.72,1143,63.0,11992.7,13127.988,4859.0,20.95,235500.0,,513524.0,8.2,
2007-07-01,0.0200000000000004,0.0375000000000005,0.0175,0.394139999999993,-1.4455600000000004,-3.4928850221960266,12.08,7.09,-2.982107355864818,-4.970178926441352,-1.7307692307692282,0.217960000000005,-1.141999999999996,2007,7,4.7,8.1,4.2,1.95,1291,62.9,12017.6,13134.159,4598.0,20.96,246200.0,650.137,503486.0,8.3,68.0
2007-08-01,-0.1260000000000003,-0.1230000000000002,0.0095,0.2918800000000203,1.2712099999999964,1.1902835238012417,12.41,6.82,-9.22131147540984,-5.020920502092054,-3.522504892367918,0.03779999999999,-0.992999999999995,2007,8,4.6,7.6,4.2,1.8,1246,62.7,12028.5,13137.613,4546.0,21.0,236500.0,,488816.0,9.2,
2007-09-01,-0.1864999999999996,-0.1894999999999997,-0.1194999999999995,0.3952399999999727,2.668289999999999,3.445037082440024,10.85,6.67,-5.191873589164776,1.1013215859030798,-2.839756592292083,0.5197900000000004,-0.5589999999999975,2007,9,4.7,8.0,4.2,1.64,1264,62.9,12098.9,13165.169,4652.0,21.04,240300.0,,472995.0,9.2,
2007-10-01,-0.0075000000000002,-0.0075000000000002,-0.1200000000000001,0.5201800000000105,4.000150000000005,1.8092127140850969,11.38,6.49,0.0,-2.396514161220032,-0.4175365344467737,0.3797899999999998,-0.9350000000000024,2007,10,4.7,8.5,4.1,1.65,1298,62.7,12109.7,13139.629,4636.0,21.06,234300.0,596.079,455045.0,8.5,67.8
2007-11-01,-0.1900000000000004,-0.1669999999999998,-0.1785000000000005,0.4881200000000092,-5.028990000000007,-4.651198304842019,11.28,6.25,-12.619047619047624,-11.383928571428577,-5.241090146750524,0.9710600000000084,-1.4790000000000134,2007,11,4.7,8.5,4.2,1.8,1374,62.9,12161.6,13127.498,4646.0,21.12,249100.0,,439144.0,9.4,
2007-12-01,-0.0974999999999992,-0.1130000000000004,-0.0539999999999993,0.4477599999999881,-0.2202899999999914,-0.7797131851341453,10.31,6.11,-4.904632152588548,1.7632241813601974,0.2212389380531123,0.3609000000000009,-0.8059999999999832,2007,12,5.0,9.0,4.4,2.14,1324,62.7,12235.9,13177.454,4545.0,21.18,227700.0,,423699.0,9.6,
2008-01-01,-0.4645000000000001,-0.3369999999999997,-0.4080000000000003,0.3559999999999945,-6.659810000000007,-6.170484430350394,10.04,5.92,-14.61318051575932,-9.15841584158416,-4.415011037527598,0.4305999999999983,-1.2090000000000032,2008,1,5.0,9.1,4.4,2.525,1388,62.9,12278.6,13188.347,4624.0,21.19,232400.0,548.658,409420.0,9.3,67.9
2008-02-01,0.1520000000000001,0.1595000000000004,-0.1520000000000001,0.31122000000002,-3.0043000000000006,-3.2163023366058017,9.3,5.78,-6.71140939597316,-3.814713896457769,4.3879907621247005,0.3030100000000004,-1.592000000000013,2008,2,4.9,8.4,4.4,2.525,1329,62.8,12311.0,13195.34,4279.0,21.26,245300.0,,393193.0,9.7,
2008-03-01,-0.0200000000000004,0.0524999999999993,0.2374999999999998,0.3316700000000026,0.1933800000000047,-0.8501244801149246,9.04,5.63,-10.791366906474812,-2.2662889518413496,-2.8761061946902635,0.4495000000000004,-1.4879999999999995,2008,3,5.1,9.2,4.5,2.46,1323,62.7,12355.4,13202.006,4225.0,21.36,229300.0,,397469.0,10.5,
2008-04-01,0.0449999999999999,-0.0524999999999993,0.04,0.4184599999999818,3.393099999999997,4.868447354191742,7.95,5.52,14.51612903225806,9.275362318840576,1.1389521640091278,0.2917899999999918,-1.7139999999999986,2008,4,5.0,8.6,4.4,2.25,1372,62.7,12342.8,13160.788,4035.0,21.38,246400.0,523.807,392801.0,10.3,68.1
2008-05-01,0.1349999999999998,0.1184999999999991,0.0625,0.2708700000000021,2.788080000000001,1.886821482496074,8.79,5.32,10.915492957746482,7.692307692307682,3.6036036036035854,0.7477800000000059,-1.6779999999999973,2008,5,5.4,9.6,4.8,2.1,1561,62.5,12910.1,13704.098,4194.0,21.47,229300.0,,389335.0,10.7,
2008-06-01,0.3100000000000005,0.2840000000000007,0.1325000000000002,0.5279199999999946,-5.82893,-8.294597922614937,8.5,5.11,10.793650793650803,-1.7241379310344682,1.9565217391304512,1.3319599999999951,-1.6409999999999911,2008,6,5.6,9.4,5.0,2.1,1576,62.4,12675.0,13359.533,3830.0,21.52,234300.0,,382000.0,10.7,
2008-07-01,0.0620000000000002,0.1059999999999998,0.1535000000000002,0.4383600000000172,0.8265799999999999,-1.0007447596699024,8.31,4.89,-5.444126074498578,0.0,-2.558635394456292,0.9173000000000116,-1.4490000000000125,2008,7,5.8,10.0,5.2,2.375,1664,62.2,12518.8,13138.288,3749.0,21.59,237300.0,497.233,372755.0,10.5,67.7
2008-08-01,0.0529999999999999,0.0514999999999998,0.0964999999999998,0.4422399999999982,1.0651300000000037,1.3627124428583912,7.12,4.79,-4.84848484848484,-4.010025062656645,-1.5317286652078836,-0.1925500000000113,-1.578000000000003,2008,8,6.1,10.6,5.4,2.36,1866,62.0,12428.1,13054.138,3674.0,21.7,221000.0,,360382.0,11.3,
2008-09-01,-0.3850000000000007,-0.4400000000000004,-0.1399999999999996,0.3869499999999846,-7.237680000000003,-9.46062241360763,8.2,4.56,-8.28025477707007,0.522193211488251,-5.1111111111111205,0.1104500000000143,-1.681999999999988,2008,9,6.1,11.3,5.4,2.3,2027,61.9,12454.6,13067.915,3222.0,21.72,225200.0,,348206.0,10.9,
2008-10-01,0.2520000000000006,0.1625000000000005,0.2094999999999993,0.4085100000000068,-9.17127,-17.706162329385595,7.49,4.37,-5.20833333333333,4.155844155844148,-2.341920374707252,-1.1116400000000226,-1.9840000000000089,2008,10,6.5,11.4,5.9,2.375,2280,61.7,12438.7,13131.123,3377.0,21.76,213200.0,448.838,336824.0,11.6,67.5
2008-11-01,-0.1020000000000003,-0.1124999999999998,-0.1169999999999999,0.3549000000000148,-4.704650000000001,-8.283026658040269,7.54,4.17,-16.117216117216117,-26.93266832917705,-4.0767386091127085,-2.269339999999985,-2.187000000000012,2008,11,6.8,11.5,6.2,2.82,2219,61.4,12372.0,13211.827,3231.0,21.88,221600.0,,320284.0,11.4,
2008-12-01,-0.7519999999999998,-0.8015000000000008,-0.3249999999999993,0.2410099999999886,1.052190000000003,1.4643869263808795,6.86,3.97,-33.624454148471614,-23.208191126279868,-28.25,-1.0366199999999992,-2.5239999999999725,2008,12,7.3,12.1,6.7,3.525,2610,61.0,12221.4,13121.721,3146.0,21.94,229600.0,,301332.0,11.2,
2009-01-01,-0.3205,-0.2384999999999992,-0.3375000000000003,0.3156500000000051,-2.5533300000000025,-8.298312621845701,5.66,3.83,5.263157894736847,27.55555555555556,9.059233449477343,0.3160099999999914,-2.112000000000023,2009,1,7.8,12.7,7.1,4.32,2699,60.6,12085.5,12971.02,2738.0,21.97,208600.0,405.314,291523.0,12.2,67.4
2009-02-01,0.0549999999999997,0.0824999999999995,-0.165,0.2382499999999936,-2.501809999999999,-10.710498764097858,5.35,3.66,16.875,5.226480836236931,14.696485623003197,0.4559899999999999,-1.4919999999999902,2009,2,8.3,13.7,7.6,4.65,2999,60.3,11963.4,12813.805,2864.0,21.99,209700.0,,276113.0,10.5,
2009-03-01,-0.1349999999999998,-0.1274999999999995,-0.1449999999999995,0.2222199999999929,3.825800000000001,8.476457199685209,5.45,3.44,-2.6737967914438525,-10.264900662251655,1.3927576601671383,-0.1240399999999937,-1.3530000000000086,2009,3,8.7,13.7,8.0,4.775,3260,59.9,11920.0,12778.19,2534.0,22.06,205100.0,,262528.0,11.0,
2009-04-01,-0.1375000000000001,-0.1925000000000007,-0.1265,0.2437800000000152,4.789169999999999,10.339652879980376,5.32,3.27,2.1978021978022,16.60516605166052,3.296703296703287,0.1264000000000038,-0.7099999999999795,2009,4,9.0,15.0,8.1,4.725,3752,59.8,11994.1,12837.219,2295.0,22.09,219200.0,380.396,251235.0,10.7,67.4
2009-05-01,0.0149999999999996,0.0475000000000003,-0.0435000000000007,0.2028799999999933,1.447340000000004,5.044316118665238,4.92,3.16,14.516129032258052,9.810126582278482,12.500000000000016,0.1848799999999926,-0.2540000000000191,2009,5,9.4,15.0,8.5,4.58,3973,59.6,12187.1,13027.964,2549.0,22.1,222300.0,,244399.0,9.3,
2009-06-01,0.3875000000000002,0.5625,0.1625000000000005,0.0978399999999908,1.5407200000000003,0.2307073170177812,5.07,3.14,27.23004694835681,1.7291066282420635,6.85579196217492,1.044300000000007,0.3930000000000007,2009,6,9.5,14.8,8.7,4.55,4349,59.4,12068.4,12825.058,2503.0,22.13,214700.0,,245226.0,8.5,
2009-07-01,-0.2104999999999997,-0.1979999999999995,-0.1909999999999998,-0.0209999999999865,3.640799999999999,7.655945210739151,5.0,3.16,-9.22509225092251,-0.283286118980164,-2.433628318584059,-0.0378000000000042,0.3190000000000168,2009,7,9.5,14.8,8.7,4.6,4917,59.3,12021.2,12774.081,2232.0,22.18,214200.0,398.07,252642.0,7.9,67.4
2009-08-01,-0.0795000000000003,-0.0295000000000005,-0.1240000000000005,0.0088399999999921,0.7755599999999987,3.508528292120393,5.17,3.11,4.471544715447149,-3.4090909090909123,-0.9070294784580506,0.4246899999999982,-0.1340000000000145,2009,8,9.6,14.8,8.9,4.28,5037,59.1,12027.4,12743.854,2338.0,22.23,207100.0,,258774.0,7.5,
2009-09-01,-0.1200000000000001,-0.1349999999999998,-0.1499999999999994,-0.0541699999999991,2.876899999999999,4.004760360180425,4.81,3.14,-7.782101167315165,-2.647058823529408,-4.118993135011436,0.2457200000000057,-0.2529999999999859,2009,9,9.8,15.3,8.9,3.875,5494,58.7,12066.4,12763.787,2487.0,22.26,216600.0,,262509.0,7.8,
2009-10-01,-0.1025,-0.1055000000000001,-0.1360000000000001,-0.1669499999999857,-1.96201,-2.5543238789055684,5.26,3.08,-1.6877637130801704,3.021148036253779,0.0,0.3827500000000015,-0.1730000000000018,2009,10,10.0,15.8,9.2,3.76,5643,58.5,12061.6,12709.966,2406.0,22.3,215100.0,397.247,263232.0,7.4,67.2
2009-11-01,-0.0474999999999994,-0.0769999999999999,-0.1265,-0.1000500000000101,2.5249099999999984,5.551174177877414,5.67,3.01,-4.291845493562235,-5.865102639296193,2.863961813842463,0.4282299999999992,0.2869999999999777,2009,11,9.9,15.7,9.2,3.825,5908,58.6,12123.7,12743.645,2503.0,22.36,218800.0,,263973.0,7.6,
2009-12-01,0.0495000000000001,0.0549999999999997,0.0644999999999997,-0.0613600000000076,3.160879999999999,2.530643105258267,4.93,3.0,4.932735426008963,19.93769470404985,4.176334106728553,0.0667499999999847,-0.2039999999999793,2009,12,9.9,16.1,9.0,4.025,6122,58.3,12190.6,12808.646,2568.0,22.36,222600.0,,264592.0,8.0,
2010-01-01,0.0429999999999992,0.1000000000000005,-0.0119999999999995,0.0298500000000103,-3.091090000000001,-3.5631996039306166,4.48,2.99,5.982905982905988,-5.714285714285719,2.4498886414253773,0.083280000000002,-0.5360000000000014,2010,1,9.8,16.5,8.8,4.44,6319,58.5,12264.2,12860.097,2837.0,22.41,218200.0,384.436,263680.0,8.1,67.2
2010-02-01,-0.0674999999999999,-0.04,-0.1350000000000006,-0.0022099999999909,2.30715,3.1333323563828777,4.56,3.02,-4.838709677419359,-0.5509641873278243,0.4347826086956622,-0.1222599999999829,-1.7630000000000052,2010,2,9.8,16.1,8.9,4.3,6129,58.5,12254.8,12852.303,2666.0,22.45,221900.0,,263649.0,8.3,
2010-03-01,-0.0374999999999996,-0.0224999999999999,-0.0874999999999994,0.0757299999999929,4.052940000000007,6.068087159185376,4.91,3.06,2.9661016949152663,6.3711911357340725,0.4329004329004236,0.0425199999999961,0.2270000000000038,2010,3,9.9,16.8,8.9,4.05,6545,58.5,12308.6,12892.933,2679.0,22.45,224800.0,,263220.0,7.1,
2010-04-01,0.088,0.1304999999999996,-0.0055000000000005,0.0596999999999923,1.6046799999999948,2.0114100063093723,5.56,3.07,6.172839506172836,-3.906249999999998,1.0775862068965671,0.0295399999999972,0.5420000000000016,2010,4,9.9,16.6,9.0,3.725,6800,58.7,12414.3,12998.264,3153.0,22.49,208300.0,404.411,264593.0,6.2,66.9
2010-05-01,-0.1405000000000003,-0.2104999999999997,-0.1419999999999994,0.0574900000000013,-5.181010000000001,-8.1108148036522,5.18,3.01,-15.503875968992244,-10.298102981029809,-8.52878464818764,-0.0667500000000131,-0.0100000000000193,2010,5,9.6,15.5,8.7,3.42,6638,58.6,12520.9,13107.196,2988.0,22.53,230500.0,,263020.0,9.3,
2010-06-01,-0.1025,-0.1500000000000003,-0.0525000000000002,0.144280000000009,-3.7509299999999968,-5.665511427171772,6.84,2.82,-8.256880733944962,-10.271903323262835,-3.729603729603733,-0.0537499999999795,-0.6729999999999734,2010,6,9.4,15.2,8.6,3.4,6623,58.5,12542.8,13137.355,2801.0,22.53,219500.0,,261202.0,8.3,
2010-07-01,-0.1349999999999998,-0.1734999999999997,-0.1095000000000001,0.0724199999999939,3.69155,6.796395478167612,4.7,2.77,-12.0,-1.0101010101010184,-3.389830508474569,0.2398100000000056,-0.731000000000023,2010,7,9.4,15.6,8.5,3.5,6506,58.5,12590.6,13176.118,3082.0,22.59,212100.0,368.573,254964.0,8.9,66.7
2010-08-01,-0.1324999999999998,-0.1364999999999998,-0.2104999999999997,-0.0619200000000148,-3.569989999999997,-4.878408376885426,4.73,2.73,-16.47727272727273,-15.986394557823122,-4.761904761904772,0.187829999999991,-1.0769999999999982,2010,8,9.5,15.9,8.6,3.325,6259,58.6,12653.7,13224.463,2999.0,22.62,226600.0,,249367.0,8.8,
2010-09-01,-0.0975000000000001,-0.0815000000000001,-0.0355000000000003,0.1752400000000022,6.461099999999995,9.144853159764052,4.84,2.7,-4.081632653061228,2.429149797570834,-0.7894736842105211,0.2079200000000014,-0.8969999999999914,2010,9,9.5,16.0,8.6,3.05,6163,58.5,12663.7,13222.624,2918.0,22.67,228000.0,,249015.0,7.6,
2010-10-01,-0.1499999999999999,-0.1210000000000004,-0.0919999999999996,-0.0016599999999868,3.522269999999999,3.7769100924270056,4.79,2.66,-16.31205673758865,3.9525691699604777,2.6525198938992065,0.4489099999999837,-0.4879999999999995,2010,10,9.4,15.6,8.6,2.98,6227,58.3,12725.5,13247.875,3235.0,22.74,204200.0,374.671,247981.0,8.2,66.5
2010-11-01,0.0224999999999999,0.0750000000000001,-0.0775000000000001,0.2885599999999897,-0.2329699999999945,0.3125758129086404,4.32,2.66,14.406779661016964,6.844106463878333,8.268733850129205,0.3278200000000026,-0.3540000000000134,2010,11,9.8,16.2,8.9,3.1,6326,58.2,12780.0,13279.581,3211.0,22.73,219600.0,,248808.0,8.2,
2010-12-01,0.3754999999999997,0.4140000000000006,0.3035000000000001,0.2537300000000186,3.924529999999997,6.69410306140936,4.54,2.62,42.96296296296295,17.437722419928818,5.489260143198079,0.5209600000000023,-0.1089999999999804,2010,12,9.3,15.5,8.5,3.325,6429,58.3,12900.2,13374.156,3058.0,22.76,241200.0,,248929.0,7.0,
2011-01-01,0.0295000000000005,0.0409999999999994,0.0389999999999997,0.2769499999999993,1.1981099999999998,2.055815692499237,4.23,2.6,3.108808290155443,3.63636363636364,2.262443438914019,0.4223300000000165,-0.5340000000000202,2011,1,9.1,15.8,8.1,3.72,6175,58.3,13104.4,13541.211,3104.0,22.85,240100.0,373.402,250965.0,7.3,66.5
2011-02-01,0.1274999999999995,0.1974999999999998,0.1049999999999999,0.2067399999999963,2.0858599999999967,3.3644656669937048,4.81,2.53,13.56783919597989,0.0,2.876106194690283,0.4199699999999779,-1.1709999999999925,2011,2,9.0,15.5,8.1,3.6,5892,58.4,13176.1,13576.031,3226.0,22.87,220100.0,,249760.0,8.1,
2011-03-01,-0.1349999999999998,-0.1164999999999993,-0.1519999999999997,0.2150399999999876,-0.0304599999999908,0.2148570834302687,3.68,2.53,-6.637168141592917,1.461988304093575,-3.010752688172055,0.6780800000000227,-0.3709999999999809,2011,3,9.0,15.8,8.0,3.35,6105,58.4,13194.2,13540.028,3261.0,22.87,220500.0,,251180.0,7.2,
2011-04-01,-0.0250000000000003,0.0039999999999995,-0.0130000000000003,0.1647299999999916,2.34675,2.803683139653555,4.33,2.49,2.8436018957346,-4.322766570605197,-0.2217294900221682,0.6184299999999894,0.0229999999999961,2011,4,9.1,16.5,8.1,3.04,5925,58.4,13226.3,13516.405,3259.0,22.92,224700.0,377.635,253897.0,6.7,66.0
2011-05-01,-0.2324999999999999,-0.2024999999999996,-0.2124999999999999,0.2106100000000026,-0.970470000000006,-1.3837016224228298,4.43,2.46,-15.207373271889391,-8.13253012048193,-4.666666666666666,0.4211500000000114,-0.108000000000004,2011,5,9.0,16.3,7.9,2.8,6153,58.3,13255.6,13505.003,3179.0,22.99,222000.0,,254629.0,6.6,
2011-06-01,-0.1284999999999998,-0.1275000000000004,-0.1564999999999998,0.2222300000000245,-1.5678800000000024,-1.9163103187054809,4.53,2.46,-14.130434782608695,4.262295081967225,-1.3986013986013894,0.0,-0.0420000000000015,2011,6,9.1,16.2,8.1,2.8,6271,58.2,13319.9,13572.943,3455.0,23.01,240200.0,,256286.0,6.6,
2011-07-01,-0.0139999999999997,0.0350000000000001,-0.0085000000000001,0.2415699999999958,-0.4349899999999991,-2.256855036388399,4.88,2.42,-2.531645569620255,-11.320754716981142,0.9456264775413508,0.3478999999999814,-0.1310000000000002,2011,7,9.0,15.9,8.0,2.9,6195,58.2,13391.0,13620.414,3623.0,23.1,229900.0,384.44,257737.0,6.7,66.1
2011-08-01,-0.2200000000000002,-0.2750000000000003,-0.1624999999999996,0.4820299999999804,-4.489959999999996,-6.182303498967135,4.79,2.38,-33.76623376623377,-20.921985815602834,-14.519906323185005,0.4199700000000064,-0.4209999999999922,2011,8,9.0,16.4,7.9,2.775,6048,58.3,13409.0,13605.561,3329.0,23.07,219600.0,,259960.0,6.5,
2011-09-01,-0.1419999999999999,-0.1639999999999997,-0.125,0.3316700000000026,-4.163589999999999,-7.803182037462954,4.26,2.37,-11.76470588235294,-13.901345291479824,-12.876712328767118,0.2900099999999952,-0.6400000000000148,2011,9,9.0,15.9,7.9,2.55,6304,58.4,13406.1,13582.785,3774.0,23.11,217000.0,,258293.0,6.3,
2011-10-01,0.0295,-0.0384999999999999,0.0374999999999996,0.4179100000000062,6.827060000000003,11.23705734189061,4.38,2.35,17.777777777777782,13.020833333333334,-1.5723270440251655,0.0903800000000103,-0.7150000000000034,2011,10,8.8,14.6,7.9,2.5,5838,58.4,13423.3,13599.436,3619.0,23.2,224800.0,394.412,260305.0,6.0,65.9
2011-11-01,-0.0424999999999999,-0.0749999999999997,-0.0724999999999997,0.3073599999999885,-1.6260000000000048,-0.5646725727259205,4.62,2.36,-14.150943396226417,-4.1474654377880125,-3.514376996805108,0.2474799999999959,-0.7990000000000066,2011,11,8.6,15.6,7.7,2.65,5698,58.6,13442.9,13591.318,3565.0,23.18,214300.0,,254401.0,5.7,
2011-12-01,-0.0590000000000001,-0.0344999999999999,-0.0710000000000001,0.3278000000000247,-0.3854900000000043,0.7369587997278967,4.62,2.36,-2.1978021978022,-9.134615384615392,-1.3245033112582794,0.0319000000000073,-0.4779999999999802,2011,12,8.5,15.4,7.5,2.98,5586,58.6,13572.4,13714.357,3768.0,23.21,218600.0,,255090.0,5.3,
2012-01-01,-0.0459999999999998,-0.0430000000000001,-0.0464999999999999,0.2581599999999753,5.296230000000008,4.818714881748534,3.92,2.41,-5.6179775280898925,-3.174603174603166,1.6778523489932826,0.3656199999999785,-0.0670000000000072,2012,1,8.3,13.6,7.4,3.2,5476,58.4,13682.5,13776.131,3909.0,23.24,221700.0,418.273,259223.0,5.3,65.6
2012-02-01,-0.0375,-0.0249999999999999,-0.0249999999999999,0.3178500000000213,3.8841699999999975,3.9902159970197246,4.21,2.45,-1.1904761904761916,8.196721311475406,2.640264026402643,0.2876600000000167,-0.0759999999999934,2012,2,8.3,14.0,7.4,3.15,5242,58.5,13799.6,13861.174,3616.0,23.27,239900.0,,254120.0,4.8,
2012-03-01,0.0354999999999998,0.064,0.0535000000000001,0.272529999999989,3.1641800000000018,2.9418441004222133,4.34,2.46,22.89156626506025,12.626262626262626,5.466237942122184,0.2823400000000049,1.3739999999999952,2012,3,8.2,14.0,7.3,2.92,5236,58.5,13874.9,13911.509,3979.0,23.36,239800.0,,258662.0,4.9,
2012-04-01,-0.0554999999999998,-0.044,-0.0310000000000001,0.3548900000000117,-1.1473600000000062,-0.8189799501817231,4.94,2.46,-12.745098039215684,-12.556053811659194,-3.0487804878048674,0.2244499999999902,1.25,2012,4,8.2,13.3,7.4,2.625,5132,58.4,13945.8,13963.525,3793.0,23.39,236400.0,421.858,265032.0,4.9,65.6
2012-05-01,-0.1085000000000002,-0.1120000000000001,-0.0030000000000001,0.2786099999999862,-5.558390000000003,-6.382295445899362,4.75,2.53,-14.606741573033707,-18.461538461538453,-7.861635220125786,-0.2799699999999916,1.0,2012,5,8.2,13.5,7.4,2.45,5401,58.5,13941.5,13975.696,3835.0,23.39,239200.0,,269833.0,4.7,
2012-06-01,-0.0814999999999996,-0.1230000000000002,-0.032,0.2277500000000145,2.733770000000007,3.7786596973131767,4.82,2.57,-6.5789473684210575,5.031446540880494,-7.849829351535835,-0.1116400000000226,0.8739999999999952,2012,6,8.2,14.5,7.3,2.44,5409,58.6,13953.2,13995.038,3911.0,23.46,232600.0,,275699.0,4.8,
2012-07-01,-0.1074999999999999,-0.125,-0.0599999999999996,0.3222700000000031,0.113190000000003,0.9295059444665842,4.74,2.62,-12.676056338028166,-9.580838323353287,-4.074074074074085,0.0389800000000093,0.63900000000001,2012,7,8.2,14.2,7.3,2.55,5210,58.5,13872.7,13909.126,3735.0,23.51,237400.0,432.693,279707.0,4.6,65.4
2012-08-01,0.0149999999999996,0.052,0.0319999999999995,0.2891099999999937,3.2342299999999966,2.1428084911038496,4.92,2.65,14.51612903225806,3.973509933774838,6.949806949806956,0.7844100000000083,0.6099999999999852,2012,8,8.1,13.8,7.2,2.45,5042,58.4,13877.0,13867.317,3809.0,23.49,253200.0,,285467.0,4.6,
2012-09-01,-0.0574999999999996,-0.1044999999999998,-0.0369999999999999,0.3432899999999961,1.250399999999999,2.4232529388492723,5.12,2.71,-5.633802816901398,5.095541401273875,3.9711191335740015,0.6479599999999834,0.6299999999999955,2012,9,7.8,13.6,7.0,2.24,4911,58.7,13996.6,13943.929,3882.0,23.57,254600.0,,292076.0,4.5,
2012-10-01,-0.1100000000000003,-0.1150000000000002,0.0024999999999999,0.5588699999999847,-3.527609999999996,-1.8829332176054208,5.25,2.75,5.970149253731331,4.242424242424246,0.6944444444444451,0.3679900000000202,0.6940000000000168,2012,10,7.8,14.1,6.9,2.2,4988,58.8,14141.4,14046.984,3775.0,23.56,247200.0,455.236,300200.0,4.9,65.3
2012-11-01,-0.0304999999999999,-0.0304999999999999,-0.0034999999999998,0.2797100000000228,0.8377399999999966,0.3878876308449304,5.13,2.79,-5.633802816901398,-5.813953488372086,-3.448275862068969,-0.229770000000002,0.9849999999999852,2012,11,7.7,13.3,6.8,2.35,4805,58.7,14335.4,14249.192,3878.0,23.63,245000.0,,302823.0,4.6,
2012-12-01,-0.0044999999999997,-0.0069999999999996,-0.0339999999999998,0.2940899999999828,0.2352599999999967,1.0097921460912622,5.25,2.84,4.477611940298495,9.876543209876536,2.85714285714286,-0.016539999999992,0.9180000000000064,2012,12,7.9,14.0,6.9,2.6,4768,58.7,14701.1,14614.152,3970.0,23.73,258300.0,,305105.0,4.5,
2013-01-01,0.0384999999999999,0.0689999999999999,-0.016,0.3184100000000001,3.111910000000009,5.302881240477302,5.56,2.85,15.714285714285731,13.48314606741573,6.94444444444445,0.2705299999999795,1.335000000000008,2013,1,8.0,13.7,7.1,2.925,4681,58.6,14003.4,13894.743,3923.0,23.76,251500.0,471.762,309893.0,4.0,65.2
2013-02-01,0.0714999999999999,0.1185,-0.0540000000000002,0.3642900000000111,0.4583299999999894,1.063364848511264,5.78,2.92,4.938271604938262,-6.435643564356441,2.9220779220779174,0.7430500000000109,0.938999999999993,2013,2,7.7,13.8,6.8,2.775,4691,58.6,13994.1,13835.102,4004.0,23.77,265100.0,,314633.0,4.1,
2013-03-01,-0.0100000000000002,0.0324999999999997,0.0024999999999999,0.3864000000000089,2.723870000000005,3.7011018897395935,6.04,2.95,-3.529411764705886,-1.0582010582010477,-0.3154574132492046,-0.3868799999999908,2.1829999999999927,2013,3,7.5,13.0,6.7,2.64,4563,58.5,14006.2,13865.456,4076.0,23.81,257500.0,,318708.0,4.2,
2013-04-01,-0.0974999999999997,-0.1200000000000001,-0.02,0.2714199999999778,1.554940000000002,1.633576077435526,5.24,3.02,-13.41463414634146,-9.0909090909091,-7.278481012658227,-0.2864800000000116,1.5620000000000118,2013,4,7.6,13.3,6.7,2.375,4468,58.6,14061.1,13930.178,3988.0,23.87,279300.0,486.803,322768.0,4.4,65.1
2013-05-01,0.0619999999999998,0.0910000000000001,-0.0024999999999999,0.4129300000000171,3.226109999999992,2.064946993715833,5.49,3.06,18.30985915492958,27.05882352941177,6.143344709897601,0.0567100000000095,1.3360000000000127,2013,5,7.5,13.4,6.7,2.15,4347,58.6,14150.7,14009.753,4145.0,23.89,263700.0,,327919.0,4.6,
2013-06-01,0.4455,0.5340000000000003,0.2400000000000002,0.3372099999999989,-1.336429999999993,-1.4323443884484397,5.32,3.14,42.85714285714285,16.66666666666666,9.324758842443732,0.3260499999999808,1.343999999999994,2013,6,7.5,14.2,6.6,2.16,4355,58.6,14193.1,14021.223,4150.0,23.97,259800.0,,330608.0,4.1,
2013-07-01,0.2625000000000002,0.2999999999999998,0.3224999999999998,0.2316199999999924,5.662440000000004,5.318061361005977,5.78,3.18,16.666666666666664,3.174603174603177,6.176470588235293,0.2687500000000113,1.4069999999999825,2013,7,7.3,12.6,6.5,2.3,4258,58.7,14181.0,13991.979,3885.0,23.98,262200.0,495.514,334273.0,5.5,65.2
2013-08-01,0.0579999999999998,0.0860000000000003,0.0375,0.5345399999999927,-0.9263100000000009,-3.105450166721154,5.71,3.22,8.57142857142858,6.923076923076913,4.15512465373961,0.328409999999991,1.3640000000000043,2013,8,7.2,12.8,6.4,2.12,4296,58.7,14227.8,14017.134,4085.0,24.03,255300.0,,341543.0,5.5,
2013-09-01,0.0344999999999999,0.0339999999999998,-0.04,0.2642400000000009,4.6089800000000025,3.3997983148060817,5.77,3.23,5.263157894736847,-5.035971223021572,0.7978723404255386,0.0519800000000145,1.2590000000000146,2013,9,7.2,13.0,6.3,1.9,4132,58.7,14287.2,14069.86,4128.0,24.06,269800.0,,345327.0,5.4,
2013-10-01,-0.2484999999999999,-0.298,-0.1480000000000001,0.2802599999999984,3.761849999999996,4.19021520961579,6.04,3.22,-14.374999999999998,-2.651515151515162,-2.902374670184693,0.0738299999999867,1.0109999999999957,2013,10,7.2,12.8,6.3,1.9,4024,58.3,14279.6,14039.392,4222.0,24.09,264300.0,487.729,351749.0,4.9,65.1
2013-11-01,0.0234999999999998,0.0629999999999997,-0.0569999999999999,0.3123300000000029,3.557549999999992,2.676034935039295,6.01,3.27,0.0,7.003891050583665,3.2608695652173822,0.2545800000000042,0.8290000000000077,2013,11,6.9,12.3,6.1,2.04,4042,58.6,14354.2,14091.431,4119.0,24.16,277100.0,,358973.0,5.0,
2013-12-01,0.185,0.2024999999999996,0.0075000000000002,0.4604800000000182,2.961670000000012,2.416176058164323,5.6,3.35,15.328467153284668,10.545454545454549,2.368421052631587,0.3656200000000069,0.924999999999983,2013,12,6.7,11.9,5.9,2.3,3863,58.7,14434.6,14142.583,4121.0,24.17,275500.0,,366094.0,5.2,
2014-01-01,-0.0024999999999999,-0.0254999999999991,0.1414999999999997,0.3858499999999765,-1.8452700000000133,-3.243716861433237,5.97,3.35,4.430379746835433,-12.17105263157895,-3.0848329048843217,0.3360899999999844,0.962999999999994,2014,1,6.6,12.1,5.7,2.675,3607,58.8,14537.3,14216.885,4127.0,24.21,269800.0,484.319,372525.0,5.1,64.9
2014-02-01,-0.1299999999999999,-0.1295000000000001,-0.0489999999999999,0.3001600000000053,5.183290000000014,4.397738175811231,6.29,3.34,-7.878787878787873,-0.3745318352059845,-2.917771883289121,0.1529900000000168,0.5690000000000168,2014,2,6.7,11.8,5.8,2.6,3783,58.7,14638.0,14307.777,4373.0,24.32,268400.0,,369315.0,5.3,
2014-03-01,0.0099999999999997,0.04,-0.0049999999999998,0.4864599999999939,-2.769550000000009,0.5458404107619497,6.29,3.37,7.894736842105256,2.631578947368415,-1.0928961748633887,0.2841099999999983,0.5699999999999932,2014,3,6.7,12.1,5.8,2.4,3704,58.9,14742.5,14381.676,4388.0,24.31,282300.0,,375258.0,5.6,
2014-04-01,0.0325000000000001,-0.0049999999999998,0.0074999999999998,0.505250000000018,-2.1426999999999907,0.0667855694726627,5.98,3.41,3.658536585365857,-2.1978021978022,-2.7624309392265216,0.2598899999999844,0.3139999999999929,2014,4,6.2,11.6,5.3,2.1,3479,58.9,14813.5,14424.352,4566.0,24.34,274500.0,499.828,379989.0,5.7,64.8
2014-05-01,-0.1025,-0.1455000000000001,-0.0615000000000001,0.419019999999989,3.2499699999999905,1.958233970091976,6.22,3.42,-6.47058823529411,-7.116104868913856,-3.693181818181815,0.2658000000000129,0.2680000000000007,2014,5,6.3,11.4,5.4,1.86,3360,58.9,14886.8,14472.043,4747.0,24.4,285600.0,,382391.0,5.2,
2014-06-01,-0.0249999999999999,-0.0295000000000005,-0.0159999999999995,0.4455499999999972,4.201650000000001,2.282661653635719,5.81,3.45,5.660377358490557,2.0161290322580574,0.8849557522123837,0.1848799999999926,0.3840000000000145,2014,6,6.1,11.0,5.3,1.8,3116,59.0,14972.0,14539.284,4982.0,24.45,287000.0,,376926.0,5.7,
2014-07-01,-0.0289999999999999,-0.0324999999999997,-0.0020000000000002,0.4665500000000122,-0.9747799999999956,-1.9686135433111536,6.3,3.44,1.1904761904761916,1.976284584980248,-2.631578947368417,0.1577100000000086,0.5089999999999861,2014,7,6.2,11.6,5.3,1.9,3136,59.0,15049.2,14592.781,4846.0,24.48,280400.0,507.133,376661.0,6.2,64.3
2014-08-01,0.0114999999999998,-0.0149999999999996,-0.0205000000000001,0.3626299999999958,5.342159999999993,3.860838213004111,6.07,3.49,-4.117647058823533,-8.914728682170542,-3.9039039039039007,-0.022449999999992,0.6400000000000148,2014,8,6.1,11.4,5.3,1.8,2958,59.0,15126.8,14670.54,5349.0,24.56,291700.0,,378231.0,5.4,
2014-09-01,0.06,0.0474999999999994,0.0575000000000001,0.4588200000000029,-2.2048799999999886,-2.17872143375619,6.42,3.51,8.588957055214733,7.234042553191486,1.874999999999988,0.0100499999999783,0.6939999999999884,2014,9,5.9,11.0,5.1,1.575,2948,59.1,15183.9,14722.813,4914.0,24.56,261500.0,,386668.0,5.4,
2014-10-01,-0.0975000000000001,-0.1265,-0.0489999999999999,0.3582099999999855,3.4857299999999896,2.644618953399779,6.18,3.56,-12.429378531073445,-6.746031746031743,-6.748466257668705,-0.0277700000000038,0.7379999999999995,2014,10,5.7,10.6,4.9,1.525,2892,59.3,15249.3,14790.364,5012.0,24.58,297000.0,525.151,391098.0,5.3,63.9
2014-11-01,-0.0224999999999999,-0.0384999999999995,0.0264999999999999,0.5312300000000221,4.08314,2.267883055260251,6.2,3.58,4.5161290322580685,-7.234042553191486,0.0,-0.2640199999999879,0.6940000000000168,2014,11,5.8,10.9,5.0,1.68,2828,59.2,15315.8,14866.655,4843.0,24.65,298300.0,,397603.0,5.7,
2014-12-01,-0.0594999999999998,-0.1335000000000001,-0.0244999999999997,0.345499999999987,-1.4105299999999945,-0.2163999216406093,6.6,3.61,1.2345679012345552,-0.4587155963302857,-6.907894736842104,-0.4317800000000034,0.7279999999999802,2014,12,5.6,10.6,4.7,1.9,2799,59.3,15385.4,14958.757,5130.0,24.65,301500.0,,407755.0,5.1,
2015-01-01,-0.1430000000000002,-0.1939999999999999,-0.0855000000000001,0.4643399999999928,-2.558400000000006,-2.866252231165843,6.58,3.62,-16.463414634146332,-22.58064516129032,-13.07420494699647,-0.8889599999999973,0.6290000000000191,2015,1,5.7,10.3,4.9,2.14,2774,59.3,15470.6,15111.832,5344.0,24.73,292000.0,535.483,412766.0,4.8,63.8
2015-02-01,0.0224999999999999,0.04,0.0449999999999999,0.5240500000000168,8.331490000000002,5.459467932640645,6.01,3.57,7.29927007299269,19.04761904761905,4.471544715447149,0.3514499999999998,0.4579999999999984,2015,2,5.5,10.1,4.7,2.1,2658,59.2,15555.4,15169.76,5466.0,24.78,286600.0,,418869.0,4.5,
2015-03-01,0.0325000000000001,0.06,0.0274999999999998,0.4892199999999889,-1.5897099999999966,-1.2886148080922608,5.77,3.61,3.40136054421769,-3.0000000000000027,2.3346303501945544,0.3744800000000055,0.6809999999999832,2015,3,5.4,9.9,4.8,1.95,2542,59.2,15554.0,15139.301,5210.0,24.84,286600.0,,419989.0,5.1,
2015-04-01,-0.0979999999999998,-0.0979999999999998,-0.1009999999999999,0.4035399999999924,1.028589999999994,0.4432625639101838,6.88,3.67,-11.184210526315784,5.670103092783499,-1.5209125475285186,0.1453099999999949,0.5010000000000048,2015,4,5.4,9.7,4.7,1.725,2560,59.3,15609.8,15181.38,5598.0,24.89,294500.0,548.898,423395.0,4.9,63.5
2015-05-01,0.1204999999999998,0.1679999999999997,0.0285000000000001,0.4273000000000024,3.263920000000013,1.0721786044863169,6.41,3.71,14.074074074074067,3.414634146341477,14.28571428571429,0.4601299999999924,0.5749999999999886,2015,5,5.6,10.3,4.8,1.58,2503,59.4,15680.8,15213.422,5563.0,24.96,287500.0,,431943.0,5.0,
2015-06-01,0.1299999999999999,0.1425,0.0949999999999997,0.5074700000000121,-2.1104700000000065,-1.9226127395024777,6.34,3.77,9.090909090909085,10.849056603773583,5.067567567567564,0.3874800000000107,0.5600000000000023,2015,6,5.3,9.7,4.6,1.575,2162,59.4,15723.3,15224.545,5248.0,24.98,285100.0,,438244.0,5.4,
2015-07-01,0.0215,0.0635000000000003,-0.0274999999999998,0.5295700000000068,3.5887699999999967,1.6475290120325812,6.37,3.87,-2.976190476190479,-6.382978723404251,-1.2861736334405156,0.2226799999999968,0.6520000000000152,2015,7,5.2,9.1,4.5,1.675,2127,59.3,15773.1,15259.508,6056.0,25.01,292300.0,563.696,444103.0,5.2,63.6
2015-08-01,-0.0865,-0.1410000000000004,-0.0299999999999998,0.4892199999999889,-8.92738,-6.1581456188724575,6.59,3.96,-5.521472392638029,0.4545454545454448,-6.840390879478826,-0.0005899999999883,0.806999999999988,2015,8,5.1,9.4,4.4,1.58,2172,59.4,15812.0,15296.108,5467.0,25.1,293000.0,,445049.0,5.0,
2015-09-01,-0.0324999999999997,-0.0149999999999996,-0.0125000000000001,0.588719999999995,-3.967920000000007,-2.886567757017972,6.63,4.02,-3.2467532467532494,-6.787330316742078,3.1468531468531578,-0.3160100000000057,0.90300000000002,2015,9,5.0,9.3,4.4,1.4,2097,59.2,15834.1,15338.77,5488.0,25.11,299500.0,,452916.0,5.9,
2015-10-01,-0.0850000000000004,-0.0940000000000003,-0.0274999999999998,0.4704299999999932,11.003840000000013,7.883818975761285,6.45,4.04,-6.71140939597316,4.854368932038839,-2.0338983050847474,0.1388100000000065,0.9729999999999848,2015,10,5.0,9.0,4.4,1.36,2130,59.3,15870.4,15375.124,5773.0,25.2,298000.0,573.631,455257.0,5.6,63.7
2015-11-01,0.1525000000000003,0.1465,0.1049999999999999,0.3963500000000124,1.3937899999999956,0.0876273211944415,6.49,4.13,20.143884892086334,2.3148148148148064,4.844290657439435,0.1677499999999838,0.9509999999999934,2015,11,5.1,9.4,4.4,1.5,2074,59.4,15876.6,15370.641,5708.0,25.24,312600.0,,454074.0,5.5,
2015-12-01,0.0434999999999998,0.0215,0.0429999999999997,0.4256499999999903,-2.569819999999993,-2.1448447493366487,7.09,4.14,1.7964071856287442,2.714932126696835,-1.9801980198019675,-0.151219999999995,0.8140000000000214,2015,12,5.0,8.5,4.4,1.675,2127,59.6,15930.8,15434.451,5845.0,25.27,297100.0,,460815.0,5.1,
2016-01-01,-0.0510000000000001,-0.0914999999999999,-0.0604999999999997,0.5400800000000174,-9.985410000000002,-5.562760673112491,6.71,4.18,-10.588235294117643,-14.537444933920709,-3.703703703703714,-0.0643799999999998,0.7629999999999768,2016,1,4.8,8.5,4.2,2.0,2081,59.7,15957.2,15445.504,6012.0,25.36,288400.0,592.962,464700.0,5.6,63.5
2016-02-01,-0.1949999999999998,-0.2124999999999999,-0.1474999999999999,0.5069100000000049,-1.421199999999999,-0.3170745877549487,7.35,4.26,-19.73684210526316,-10.309278350515465,-8.391608391608383,-0.1866500000000144,0.3389999999999986,2016,2,4.9,8.6,4.2,1.95,2150,59.8,15958.5,15456.608,5770.0,25.39,305800.0,,465592.0,5.6,
2016-03-01,0.0060000000000002,0.0339999999999998,0.0659999999999998,0.4720799999999769,7.915549999999996,6.873693704303735,7.11,4.26,13.114754098360647,2.2988505747126458,2.2900763358778646,0.4394600000000253,0.5440000000000111,2016,3,5.0,8.9,4.3,1.8,2231,59.8,15996.7,15468.411,6129.0,25.45,303200.0,,478810.0,5.5,
2016-04-01,-0.096,-0.0889999999999999,-0.0634999999999998,0.5118900000000224,-2.3980200000000025,0.5355073981333358,7.11,4.31,-8.695652173913036,2.8089887640449462,-2.238805970149256,0.5386900000000026,0.6220000000000141,2016,4,5.1,8.8,4.4,1.58,2147,59.7,16035.6,15454.043,5803.0,25.53,318300.0,590.522,475632.0,5.1,63.1
2016-05-01,-0.0275000000000003,-0.0049999999999998,-0.02,0.5384199999999737,4.38261,1.5513963964188586,7.17,4.29,3.174603174603177,0.5464480874316944,0.3816793893129689,0.3337199999999996,0.657999999999987,2016,5,4.8,8.2,4.2,1.45,1925,59.7,16057.9,15450.73,5777.0,25.57,295200.0,,474981.0,5.2,
2016-06-01,-0.0004999999999997,-0.032,-0.0365000000000002,0.5168600000000083,-2.67438,0.131235320063148,7.56,4.3,-10.000000000000009,-19.021739130434785,-6.844106463878316,0.392799999999994,0.6229999999999905,2016,6,4.9,8.7,4.3,1.475,1986,59.7,16103.3,15463.252,5742.0,25.63,311200.0,,478711.0,5.2,
2016-07-01,-0.0945,-0.1280000000000001,-0.0259999999999998,0.4897699999999929,8.107399999999998,3.808838002733587,7.44,4.3,-8.547008547008536,-2.0134228187919483,-8.979591836734702,-0.071470000000005,0.731000000000023,2016,7,4.8,8.2,4.2,1.54,1943,59.8,16168.2,15516.252,5962.0,25.69,297400.0,587.366,481763.0,4.5,63.4
2016-08-01,-0.0024999999999999,-0.0049999999999998,-0.0049999999999998,0.4626900000000091,1.296590000000009,-0.0032604668220566,7.43,4.3,5.607476635514002,8.219178082191789,1.345291479820619,0.2622499999999945,1.0019999999999811,2016,8,4.9,8.0,4.4,1.475,1970,59.8,16205.7,15525.63,5677.0,25.72,298900.0,,485091.0,4.9,
2016-09-01,0.0109999999999996,0.0249999999999999,0.0689999999999999,0.5561099999999897,2.506879999999996,-0.0569655204432921,7.35,4.33,4.424778761061951,1.2658227848101276,3.982300884955766,0.3727100000000121,0.9800000000000182,2016,9,5.0,8.5,4.4,1.325,1933,59.7,16274.7,15571.45,5868.0,25.77,314800.0,,486805.0,5.2,
2016-10-01,0.0065000000000003,0.0100000000000002,0.0135,0.652290000000022,-3.118249999999989,-2.156159952529258,7.59,4.42,7.627118644067804,15.0,6.382978723404251,0.3337300000000027,0.934999999999974,2016,10,4.9,8.5,4.4,1.26,1946,59.7,16341.3,15601.188,5591.0,25.88,302800.0,597.615,505164.0,5.1,63.5
2016-11-01,0.2649999999999997,0.2999999999999998,0.1574999999999997,0.5572099999999978,3.414669999999973,4.279606102660369,7.85,4.44,25.98425196850394,28.80434782608696,14.399999999999997,0.1683400000000006,1.0010000000000048,2016,11,4.7,8.2,4.2,1.35,1865,59.7,16382.2,15633.11,5971.0,25.91,315000.0,,511112.0,5.2,
2016-12-01,0.4005000000000001,0.4280000000000004,0.2410000000000001,0.5793299999999988,1.5085000000000264,1.896612675700212,7.69,4.46,22.5,3.3755274261603407,8.741258741258742,0.3608999999999867,0.9550000000000124,2016,12,4.7,8.0,4.2,1.56,1860,59.7,16447.3,15663.357,5964.0,25.94,327000.0,,521509.0,5.4,
2017-01-01,-0.0404999999999997,-0.048,0.0165000000000001,0.4975100000000054,5.879419999999982,1.666711197038948,7.88,4.44,-2.040816326530614,0.0,-2.893890675241153,0.5806300000000135,1.1239999999999952,2017,1,4.7,7.4,4.2,1.8,1842,59.9,16566.5,15718.924,5646.0,26.02,315200.0,614.387,520246.0,5.3,63.6
2017-02-01,-0.0075000000000002,0.0175,-0.0475000000000003,0.5008299999999792,5.345969999999994,3.4890722700692773,7.53,4.52,-1.0416666666666676,-3.673469387755114,0.3311258278145624,0.1488399999999785,0.4970000000000141,2017,2,4.6,8.0,4.0,1.775,1785,59.9,16641.7,15774.278,5931.0,26.08,298000.0,,543536.0,5.2,
2017-03-01,0.0340000000000002,0.0284999999999993,0.0190000000000001,0.4466600000000085,2.19016000000002,-0.1159811938217676,7.95,4.53,5.78947368421052,1.6949152542372898,1.650165016501659,-0.062609999999978,0.7589999999999861,2017,3,4.4,7.9,3.9,1.625,1691,60.2,16693.0,15841.812,5813.0,26.1,321700.0,,537448.0,5.0,
2017-04-01,-0.1140000000000003,-0.1509999999999998,-0.0665,0.4461000000000013,3.44817999999998,0.9403513562474832,7.7,4.57,-9.452736318407949,-4.583333333333329,-4.545454545454549,0.3000599999999735,0.7930000000000064,2017,4,4.5,7.8,3.9,1.42,1709,60.2,16751.7,15860.799,6103.0,26.18,311100.0,612.734,541329.0,5.5,63.9
2017-05-01,-0.0449999999999999,-0.0350000000000001,-0.0299999999999998,0.5616400000000112,3.829860000000025,0.7700524534462999,7.95,4.59,1.0989010989011,-3.493449781659392,0.680272108843538,-0.121089999999981,0.8889999999999816,2017,5,4.4,7.6,3.8,1.3,1706,60.1,16849.8,15955.205,5810.0,26.22,323600.0,,541342.0,5.3,
2017-06-01,-0.0809999999999999,-0.1059999999999998,0.0184999999999999,0.5373099999999909,-1.474490000000003,0.7256287849502997,8.13,4.63,-3.80434782608696,4.524886877828059,-5.405405405405411,0.088009999999997,0.8210000000000264,2017,6,4.3,7.1,3.8,1.3,1669,60.1,16883.8,15967.401,6334.0,26.27,315200.0,,540034.0,5.3,
2017-07-01,0.0609999999999999,0.0634999999999998,0.084,0.4372600000000091,5.271109999999993,1.7670209726233823,8.42,4.63,5.649717514124299,-0.4329004329004429,2.85714285714286,0.0366300000000023,0.8839999999999861,2017,7,4.3,7.2,3.7,1.38,1716,60.2,16948.8,16022.118,6203.0,26.36,322900.0,610.093,546304.0,5.9,63.9
2017-08-01,-0.0749999999999997,-0.0874999999999999,-0.068,0.6047499999999957,2.043980000000005,-0.0029000728286688,7.4,4.75,-4.812834224598935,-7.826086956521728,-2.7777777777777803,0.5463599999999929,1.1939999999999884,2017,8,4.4,7.5,3.9,1.3,1709,60.1,17024.6,16054.909,6300.0,26.38,314200.0,,545675.0,6.0,
2017-09-01,-0.0550000000000001,-0.0749999999999997,0.0104999999999999,0.4311799999999834,1.7079699999999889,2.277956540084769,7.88,4.8,1.1235955056179785,9.905660377358489,-0.714285714285715,0.7950400000000002,1.078000000000003,2017,9,4.2,7.2,3.7,1.18,1700,60.4,17136.3,16101.162,6279.0,26.5,331500.0,,548076.0,5.3,
2017-10-01,0.0950000000000002,0.0899999999999998,0.0175,0.5439500000000237,5.880439999999993,2.0462982168258814,8.0,4.87,9.999999999999996,2.145922746781108,3.5971223021582768,0.0626100000000065,1.024000000000001,2017,10,4.1,7.6,3.6,1.125,1603,60.1,17228.4,16162.331,6380.0,26.48,319500.0,625.5,545984.0,5.5,64.0
2017-11-01,0.0879999999999996,0.0270000000000001,0.06,0.5422799999999768,3.7128700000000094,2.7812535044471245,7.97,4.96,3.5353535353535275,1.6806722689075646,-2.7777777777777803,0.4258700000000033,1.1170000000000186,2017,11,4.2,7.5,3.7,1.25,1593,60.1,17297.5,16197.973,6282.0,26.54,343400.0,,566922.0,4.9,
2017-12-01,0.0969999999999999,0.028,0.1524999999999998,0.6406900000000064,0.7466300000000103,0.9442994806403588,8.47,4.96,6.341463414634163,-0.8264462809917362,-1.0714285714285643,0.2114599999999882,1.1899999999999975,2017,12,4.1,6.9,3.7,1.44,1506,60.1,17361.0,16233.855,6359.0,26.64,343300.0,,575346.0,5.4,
2018-01-01,0.0975000000000001,0.0824999999999995,0.08,0.5837500000000091,12.894539999999978,5.142856047749966,8.58,4.98,9.17431192660549,13.333333333333346,3.9711191335740015,0.5818099999999902,1.167999999999978,2018,1,4.0,7.5,3.5,1.65,1437,60.2,17478.1,16290.517,6601.0,26.72,329600.0,620.315,582012.0,5.6,64.2
2018-02-01,0.3025000000000002,0.2975000000000003,0.1225,0.3631799999999998,-3.5141500000000008,-3.887625151056172,8.8,5.01,9.243697478991605,5.514705882352938,8.680555555555555,0.3420000000000129,0.9410000000000024,2018,2,4.1,6.8,3.6,1.6,1421,60.4,17548.9,16320.326,6586.0,26.75,327200.0,,592504.0,5.6,
2018-03-01,0.125,0.1139999999999998,0.0569999999999999,0.4052000000000078,-5.318569999999994,-2.2560721384776867,8.49,5.06,1.1538461538461462,-4.529616724738672,-1.2779552715654965,0.1281700000000114,0.9490000000000124,2018,3,4.0,6.6,3.5,1.48,1352,60.4,17618.7,16368.649,6833.0,26.83,335400.0,,583579.0,5.4,
2018-04-01,0.0149999999999996,0.0235000000000003,0.008,0.5831899999999735,0.0717199999999991,0.289695652949993,7.83,5.15,2.661596958174916,7.664233576642333,-0.647249190938512,0.4477299999999786,0.8520000000000039,2018,4,4.0,6.5,3.6,1.275,1382,60.4,17673.1,16384.43,6910.0,26.91,314400.0,617.612,582427.0,5.7,64.5
2018-05-01,0.141,0.1185,0.1299999999999999,0.4566100000000119,9.538520000000004,2.514670377601994,8.81,5.21,4.444444444444431,-4.067796610169495,1.9543973941368096,0.3018300000000238,0.7740000000000009,2018,5,3.8,5.8,3.5,1.1,1227,60.5,17747.2,16416.788,6987.0,26.99,316700.0,,581631.0,5.5,
2018-06-01,-0.0259999999999998,-0.016,0.0274999999999998,0.4632400000000132,1.7305100000000095,0.5129474832831409,8.59,5.2,-1.418439716312058,0.7067137809187285,-2.5559105431309925,0.21617999999998,0.6869999999999834,2018,6,4.0,6.5,3.5,1.14,1425,60.5,17830.5,16468.096,7271.0,27.04,310500.0,,570891.0,6.1,
2018-07-01,-0.0324999999999997,-0.0425000000000004,0.0175,0.5362099999999828,4.098209999999995,3.298394187389809,8.18,5.25,0.0,3.8596491228070127,-1.3114754098360668,0.1140000000000043,0.5330000000000155,2018,7,3.8,6.4,3.3,1.2,1393,60.6,17926.2,16540.252,7209.0,27.12,327500.0,609.123,562859.0,6.1,64.4
2018-08-01,0.0104999999999995,0.0224999999999999,0.0390000000000001,0.6052999999999997,11.109319999999997,3.2824750756217047,9.43,5.21,-0.3597122302158196,-3.378378378378381,0.9966777408637956,0.2303599999999903,0.7259999999999991,2018,8,3.8,6.2,3.4,1.15,1302,60.3,17994.8,16590.614,7204.0,27.22,321400.0,,553691.0,6.4,
2018-09-01,0.0620000000000002,0.0775000000000005,0.0634999999999998,0.5002800000000036,-1.6034899999999936,0.0253717966896829,8.46,5.25,4.332129963898921,6.6433566433566416,3.618421052631575,0.2646200000000078,0.6069999999999993,2018,9,3.7,6.2,3.3,1.02,1354,60.4,18008.6,16573.192,7352.0,27.31,328300.0,,553579.0,6.5,
2018-10-01,0.1674999999999995,0.2024999999999996,0.1425,0.4831399999999917,-18.79158000000001,-7.39279539297837,8.24,5.29,3.806228373702418,3.2786885245901667,6.031746031746031,0.4229200000000048,0.695999999999998,2018,10,3.8,6.4,3.3,0.975,1341,60.5,18052.6,16590.067,7295.0,27.36,328300.0,600.989,542175.0,7.2,64.6
2018-11-01,0.0345000000000004,0.0359999999999995,0.0259999999999998,0.6451100000000167,0.6252499999999941,1.6913905744803392,7.8,5.32,-1.6666666666666607,-4.444444444444449,0.5988023952095813,-0.0454799999999977,0.5039999999999907,2018,11,3.8,6.2,3.4,1.05,1251,60.5,18080.5,16603.959,7574.0,27.43,308500.0,,539913.0,6.5,
2018-12-01,-0.1920000000000001,-0.2284999999999994,-0.0834999999999999,0.4306200000000046,-17.644569999999987,-9.463559578712752,7.7,5.39,-9.152542372881356,-10.631229235880395,-7.738095238095231,-0.1943300000000078,0.4190000000000111,2018,12,3.9,6.8,3.4,1.28,1302,60.5,18262.7,16761.204,7436.0,27.55,329700.0,,528124.0,7.4,
2019-01-01,-0.1839999999999997,-0.1734999999999997,-0.1145,0.519629999999978,16.406180000000006,8.51088053638732,9.27,5.42,-5.22388059701493,-2.2304832713754665,-1.935483870967744,-0.0307200000000023,0.4139999999999872,2019,1,4.0,6.9,3.5,1.5,1260,60.7,18303.5,16811.92,7478.0,27.59,305400.0,598.397,534112.0,6.5,64.2
2019-02-01,-0.1060000000000003,-0.0940000000000003,-0.0404999999999997,0.5174100000000124,6.364739999999983,3.2498621914401573,8.26,5.4,-1.968503937007867,3.802281368821296,-0.6578947368421059,0.3118800000000021,0.396000000000015,2019,2,3.8,7.0,3.2,1.5,1292,60.7,18370.0,16852.747,7058.0,27.68,320800.0,,529595.0,6.1,
2019-03-01,-0.0825,-0.1050000000000004,-0.0424999999999999,0.6931999999999903,4.994200000000006,1.3451430230602368,9.55,5.31,-4.819277108433739,-11.721611721611715,-1.3245033112582794,0.6957999999999913,0.6409999999999911,2019,3,3.8,6.5,3.3,1.38,1324,60.7,18426.7,16866.276,7332.0,27.76,310600.0,,531409.0,5.8,
2019-04-01,-0.1124999999999998,-0.1224999999999996,-0.0725000000000002,0.7208400000000097,9.290210000000002,3.897143489572547,9.24,5.28,-1.6877637130801704,4.149377593360981,-1.342281879194632,0.6964000000000112,0.7299999999999898,2019,4,3.7,6.6,3.2,1.15,1300,60.6,18459.1,16840.839,7257.0,27.8,339000.0,595.219,537129.0,6.1,64.3
2019-05-01,-0.0710000000000001,-0.0705,-0.1025,0.4134899999999959,-16.299029999999988,-6.737023106439814,8.87,5.23,-6.0085836909871295,-14.741035856573692,-4.081632653061228,0.0265799999999956,0.6380000000000052,2019,5,3.7,6.1,3.3,1.1,1335,60.6,18474.2,16837.564,7279.0,27.88,312700.0,,538074.0,6.7,
2019-06-01,-0.2965,-0.2694999999999998,-0.1749999999999998,0.7307900000000132,14.036669999999988,6.796751948751973,8.75,5.22,-16.438356164383556,-6.54205607476636,-8.865248226950355,0.0307099999999991,0.3430000000000177,2019,6,3.6,6.0,3.3,1.1,1381,60.7,18509.4,16849.893,7165.0,27.96,311800.0,,544438.0,5.5,
2019-07-01,-0.0349999999999997,-0.0375,-0.0100000000000002,0.4858999999999867,4.293430000000001,1.3780128816376027,9.13,5.2,0.0,1.0000000000000009,0.0,0.2965200000000152,0.3849999999999909,2019,7,3.6,5.6,3.3,1.2,1146,60.8,18531.1,16840.036,7137.0,28.04,308300.0,601.944,550109.0,6.0,64.7
2019-08-01,-0.1205000000000002,-0.149,-0.1049999999999999,0.4715300000000013,-5.393810000000002,-2.2682615314471315,9.38,5.16,-18.5792349726776,-25.742574257425744,-17.509727626459135,0.1140000000000043,0.686000000000007,2019,8,3.7,5.2,3.4,1.1,1228,60.8,18616.6,16906.506,7150.0,28.16,327000.0,,559162.0,5.5,
2019-09-01,0.0330000000000003,-0.0110000000000001,0.0224999999999999,0.6832500000000152,0.925219999999996,1.66720424673335,8.52,5.21,5.369127516778528,11.999999999999996,1.8867924528301905,0.2445299999999974,0.6929999999999836,2019,9,3.5,5.4,3.2,1.0,1297,60.9,18645.1,16924.441,7100.0,28.15,315700.0,,562791.0,5.3,
2019-10-01,0.0269999999999996,0.0830000000000001,-0.0004999999999997,0.3631899999999746,7.436370000000011,2.068880570648956,9.2,5.2,-2.5477707006369448,0.5952380952380958,1.3888888888888795,0.5050200000000018,0.7139999999999986,2019,10,3.6,5.6,3.3,0.975,1235,60.9,18693.6,16936.103,7340.0,28.24,322400.0,610.52,563877.0,5.5,64.9
2019-11-01,0.0155000000000002,0.0069999999999996,0.0304999999999999,0.5378600000000233,9.469059999999985,3.487875657173473,9.15,5.22,7.189542483660122,5.3254437869822535,4.109589041095884,0.3555899999999781,0.9159999999999968,2019,11,3.6,5.7,3.3,1.06,1204,61.0,18788.3,17008.962,6915.0,28.33,328000.0,,574079.0,5.6,
2019-12-01,0.02,0.0250000000000003,-0.02,0.511889999999994,7.794530000000009,2.757433828454244,9.03,5.27,2.4390243902439046,7.865168539325837,0.8771929824561412,0.126400000000018,0.9920000000000186,2019,12,3.6,6.2,3.1,1.275,1177,61.0,18800.5,16975.579,6730.0,28.36,329500.0,,579863.0,5.3,
2020-01-01,-0.1055000000000001,-0.096,-0.0584999999999999,0.6478699999999833,4.52582000000001,-0.1060468296599685,9.06,5.34,-7.142857142857137,-21.354166666666664,-3.4782608695652013,0.2858799999999917,1.0509999999999875,2020,1,3.5,6.1,3.0,1.475,1163,61.1,18973.3,17105.812,7154.0,28.43,328900.0,637.624,596728.0,5.0,65.3
2020-02-01,-0.1019999999999998,-0.1590000000000002,-0.0714999999999999,0.5395200000000102,-14.810130000000015,-8.390910545352808,10.1,5.37,-15.384615384615383,-25.16556291390729,-11.26126126126127,0.0809199999999918,0.9920000000000186,2020,2,3.5,6.0,3.0,1.4,1111,61.1,19116.2,17219.643,7012.0,28.51,331800.0,,600581.0,5.5,
2020-03-01,-0.0850000000000004,-0.0149999999999996,-0.1025,0.5245999999999924,-22.009950000000003,-13.783619589058135,9.07,5.33,-55.30303030303031,-38.05309734513274,-25.888324873096447,-0.4932000000000016,1.245999999999981,2020,3,4.4,6.8,3.9,2.675,1188,59.9,18763.5,16947.234,5769.0,28.74,328200.0,,595963.0,6.5,
2020-04-01,-0.0809999999999999,-0.1440000000000001,0.1519999999999997,0.4107300000000009,30.186480000000017,13.13235129381346,8.85,5.15,-33.89830508474576,-8.571428571428562,-13.013698630136982,-1.0614300000000014,0.8660000000000139,2020,4,14.8,16.7,14.1,11.7,1004,51.3,21093.1,19152.778,4630.0,30.07,310100.0,571.27,569892.0,6.8,68.1
2020-05-01,-0.1114999999999999,-0.0735000000000001,-0.1494999999999997,0.4256500000000187,15.235199999999992,4.978275111026777,8.38,5.08,-12.820512820512816,1.562500000000001,8.661417322834636,-0.1476699999999766,0.2160000000000081,2020,5,13.3,16.7,12.3,13.88,1203,52.8,20246.1,18353.168,5447.0,29.74,317100.0,,547787.0,5.3,
2020-06-01,-0.0899999999999998,-0.0699999999999998,-0.0700000000000002,0.2664399999999887,14.437669999999995,2.196240379371522,9.29,5.09,0.0,1.5384615384615397,7.971014492753631,0.7914899999999818,0.4179999999999779,2020,6,11.1,15.3,10.1,12.1,1358,54.6,20032.7,18070.393,6112.0,29.35,341100.0,,562612.0,4.3,
2020-07-01,-0.0825,-0.1465,-0.0705,0.3123300000000029,17.42249000000001,5.544067981613347,9.48,5.14,-17.64705882352941,-16.666666666666664,-12.080536912751674,0.7808700000000215,1.3600000000000136,2020,7,10.2,14.4,9.2,11.4,1483,55.2,20173.9,18149.86,6717.0,29.37,329800.0,645.478,584418.0,3.6,67.3
2020-08-01,-0.0449999999999999,-0.0809999999999999,-0.1169999999999999,0.1907099999999957,26.144479999999987,7.130510346417907,8.95,5.26,-3.571428571428574,30.90909090909089,3.816793893129775,0.5357299999999725,2.7819999999999823,2020,8,8.4,12.8,7.4,9.54,1593,56.5,19624.3,17603.151,6451.0,29.47,325500.0,,624410.0,3.5,
2020-09-01,-0.0900000000000003,-0.0449999999999999,0.0700000000000002,0.2775100000000066,-15.42881,-3.871059093131556,9.12,5.42,0.0,-4.166666666666671,4.41176470588234,0.3768500000000188,3.176000000000016,2020,9,7.8,12.0,7.0,7.9,2405,56.6,19762.2,17698.892,6611.0,29.5,344400.0,,629972.0,3.6,
2020-10-01,-0.0389999999999997,-0.056,-0.0870000000000001,0.3018199999999922,-6.494799999999998,-2.301795648903389,8.83,5.65,25.925925925925924,27.536231884057983,10.56338028169015,0.1848799999999926,3.7309999999999945,2020,10,6.9,10.8,6.0,5.16,3534,57.4,19628.7,17573.127,6873.0,29.52,346900.0,697.854,659365.0,3.5,65.6
2020-11-01,-0.0409999999999999,-0.0689999999999999,0.1145,0.1536800000000084,32.665880000000016,11.807573301877415,8.97,5.86,14.705882352941172,-4.545454545454549,3.184713375796181,0.2746600000000114,3.334000000000003,2020,11,6.7,10.3,5.9,3.925,3929,57.4,19386.3,17355.669,6766.0,29.61,350800.0,,679699.0,4.1,
2020-12-01,-0.0870000000000001,-0.0809999999999999,-0.2145000000000001,0.2139300000000048,17.49946,4.3250051820568025,9.5,6.11,0.0,10.714285714285724,3.0864197530864086,0.3738899999999887,2.954000000000008,2020,12,6.7,9.9,6.0,3.675,3956,57.4,19491.3,17386.005,6752.0,29.91,356600.0,,713219.0,3.9,
