DATE,MORTGAGE15US,MORTGAGE30US,MORTGAGE5US,MORTGAGE15US_Monthly Change,MORTGAGE15US_Percent Monthly Change,MORTGAGE15US_Yearly Change,MORTGAGE15US_Percent Yearly Change,MORTGAGE30US_Monthly Change,MORTGAGE30US_Percent Monthly Change,MORTGAGE30US_Yearly Change,MORTGAGE30US_Percent Yearly Change,MORTGAGE5US_Monthly Change,MORTGAGE5US_Percent Monthly Change,MORTGAGE5US_Yearly Change,MORTGAGE5US_Percent Yearly Change
2000-01-01,7.8025,8.21,,0.0,0.0,,,0.0,0.0,,,0.0,0.0,,
2000-02-01,7.9325,8.325,,0.1299999999999999,1.666132649791732,,,0.11499999999999844,1.4007308160779346,,,,,,
2000-03-01,7.832,8.24,,-0.10050000000000026,-1.2669398046013267,,,-0.08499999999999908,-1.02102102102101,,,,,,
2000-04-01,7.8,8.1525,,-0.03200000000000003,-0.4085801838610831,,,-0.08750000000000036,-1.0618932038834994,,,,,,
2000-05-01,8.1825,8.515,,0.3824999999999994,4.903846153846146,,,0.3625000000000007,4.446488807114391,,,,,,
2000-06-01,7.992,8.288,,-0.19049999999999923,-2.3281393217231807,,,-0.2270000000000003,-2.6658837345860285,,,,,,
2000-07-01,7.865,8.1475,,-0.12699999999999978,-1.5890890890890863,,,-0.1404999999999994,-1.6952220077220006,,,,,,
2000-08-01,7.7625,8.0275,,-0.10250000000000004,-1.3032422123331218,,,-0.120000000000001,-1.472844430807008,,,,,,
2000-09-01,7.604,7.912,,-0.15850000000000009,-2.0418679549114342,,,-0.11549999999999994,-1.4388041108688874,,,,,,
2000-10-01,7.47,7.795,,-0.13400000000000034,-1.7622304050499784,,,-0.11699999999999999,-1.4787664307381192,,,,,,
2000-11-01,7.4175,7.745,,-0.052499999999999325,-0.7028112449799107,,,-0.04999999999999982,-0.6414368184733782,,,,,,
2000-12-01,7.056,7.382,,-0.3615000000000004,-4.873609706774524,,,-0.36300000000000043,-4.686894770819889,,,,,,
2001-01-01,6.64,7.0325,,-0.41600000000000037,-5.895691609977329,-1.1625000000000005,-14.899070810637621,-0.3494999999999999,-4.734489298293145,-1.177500000000001,-14.342265529841669,,,,
2001-02-01,6.64,7.05,,0.0,0.0,-1.2925000000000004,-16.293728332808076,0.01750000000000007,0.24884464984002946,-1.2749999999999995,-15.315315315315312,,,,
2001-03-01,6.508,6.952,,-0.13199999999999967,-1.9879518072289108,-1.3239999999999998,-16.905005107252297,-0.09799999999999986,-1.3900709219858138,-1.2880000000000003,-15.631067961165051,,,,
2001-04-01,6.595,7.0775,,0.08699999999999974,1.3368162261831553,-1.205,-15.448717948717949,0.12549999999999972,1.8052359033371652,-1.0750000000000002,-13.186139221097825,,,,
2001-05-01,6.675,7.145,,0.08000000000000007,1.2130401819560286,-1.5074999999999994,-18.423464711274054,0.0674999999999999,0.953726598375131,-1.370000000000001,-16.0892542571932,,,,
2001-06-01,6.7,7.16,,0.025000000000000355,0.37453183520599787,-1.2919999999999998,-16.166166166166164,0.015000000000000568,0.20993701889433966,-1.1280000000000001,-13.610038610038611,,,,
2001-07-01,6.6825,7.1275,,-0.01750000000000007,-0.2611940298507473,-1.1825,-15.034965034965037,-0.03249999999999975,-0.45391061452513615,-1.0200000000000005,-12.519177661859471,,,,
2001-08-01,6.5,6.95,,-0.1825000000000001,-2.7310138421249546,-1.2625000000000002,-16.264090177133657,-0.1775000000000002,-2.4903542616625773,-1.0774999999999997,-13.422609778885079,,,,
2001-09-01,6.34,6.8175,,-0.16000000000000014,-2.4615384615384635,-1.2640000000000002,-16.62283008942662,-0.13250000000000028,-1.906474820143889,-1.0945,-13.833417593528818,,,,
2001-10-01,6.0975,6.6175,,-0.24249999999999972,-3.8249211356466835,-1.3724999999999996,-18.37349397590361,-0.20000000000000018,-2.933626696002936,-1.1775000000000002,-15.105837075048111,,,,
2001-11-01,6.146,6.658,,0.048499999999999766,0.7954079540795369,-1.2715000000000005,-17.14189416919448,0.04050000000000065,0.6120136003022387,-1.0869999999999997,-14.03486120077469,,,,
2001-12-01,6.5425,7.065,,0.3965000000000005,6.451350471851619,-0.5134999999999996,-7.277494331065753,0.40700000000000003,6.112946830880144,-0.3169999999999993,-4.294229206177178,,,,
2002-01-01,6.48,6.9975,,-0.0625,-0.9552923194497515,-0.15999999999999925,-2.4096385542168566,-0.06750000000000078,-0.9554140127388646,-0.03500000000000014,-0.4976892996800589,,,,
2002-02-01,6.375,6.8925,,-0.10500000000000043,-1.620370370370377,-0.2649999999999997,-3.990963855421682,-0.10499999999999954,-1.5005359056805938,-0.15749999999999975,-2.234042553191486,,,,
2002-03-01,6.516,7.014,,0.14100000000000001,2.211764705882353,0.008000000000000007,0.12292562999385381,0.12150000000000016,1.7627856365614825,0.06200000000000028,0.8918296892980477,,,,
2002-04-01,6.475,6.985,,-0.04100000000000037,-0.6292203806016018,-0.1200000000000001,-1.8195602729340425,-0.028999999999999915,-0.4134587966923284,-0.09249999999999936,-1.306958671847395,,,,
2002-05-01,6.28,6.806,,-0.1949999999999994,-3.0115830115830025,-0.3949999999999996,-5.917602996254676,-0.17900000000000027,-2.562634216177527,-0.3389999999999995,-4.74457662701189,,,,
2002-06-01,6.105,6.65,,-0.17499999999999982,-2.786624203821653,-0.5949999999999998,-8.88059701492537,-0.1559999999999997,-2.292095210108723,-0.5099999999999998,-7.1229050279329575,,,,
2002-07-01,5.93,6.485,,-0.1750000000000007,-2.866502866502878,-0.7525000000000004,-11.260755705200156,-0.16500000000000004,-2.4812030075187974,-0.6425000000000001,-9.014380918975798,,,,
2002-08-01,5.702,6.29,,-0.22799999999999976,-3.8448566610455273,-0.798,-12.276923076923078,-0.19500000000000028,-3.006939090208177,-0.6600000000000001,-9.496402877697843,,,,
2002-09-01,5.5075,6.0925,,-0.19449999999999967,-3.4110838302349995,-0.8324999999999996,-13.130914826498415,-0.1974999999999998,-3.1399046104928425,-0.7249999999999996,-10.634396773010629,,,,
2002-10-01,5.5,6.1125,,-0.007500000000000284,-0.136177939173859,-0.5975000000000001,-9.799097990979911,0.019999999999999574,0.3282724661468949,-0.5049999999999999,-7.6312806951265575,,,,
2002-11-01,5.464,6.068,,-0.03599999999999959,-0.6545454545454471,-0.6819999999999995,-11.096648226488764,-0.044500000000000206,-0.7280163599182038,-0.5900000000000007,-8.86151997596877,,,,
2002-12-01,5.45,6.0475,,-0.014000000000000234,-0.25622254758419166,-1.0925000000000002,-16.69850974398166,-0.020499999999999297,-0.3378378378378263,-1.0175,-14.40198159943383,,,,
2003-01-01,5.304,5.916,,-0.1459999999999999,-2.6788990825688055,-1.1760000000000002,-18.14814814814815,-0.13149999999999995,-2.174452252997105,-1.0814999999999992,-15.455519828510173,,,,
2003-02-01,5.22,5.8425,,-0.08400000000000052,-1.5837104072398287,-1.1550000000000002,-18.117647058823533,-0.07350000000000012,-1.242393509127791,-1.0499999999999998,-15.233949945593034,,,,
2003-03-01,5.065,5.745,,-0.15499999999999936,-2.969348659003819,-1.4509999999999996,-22.26826273787599,-0.09750000000000014,-1.6688061617458303,-1.2690000000000001,-18.09238665526091,,,,
2003-04-01,5.1175,5.8125,,0.052499999999999325,1.036525172754182,-1.3575,-20.965250965250963,0.0674999999999999,1.174934725848562,-1.1725000000000003,-16.78596993557624,,,,
2003-05-01,4.86,5.484,,-0.2574999999999994,-5.031753786028323,-1.42,-22.611464968152863,-0.3285,-5.651612903225807,-1.322,-19.424037613870116,,,,
2003-06-01,4.6275,5.23,,-0.23249999999999993,-4.783950617283949,-1.4775,-24.2014742014742,-0.25399999999999956,-4.631655725747621,-1.42,-21.35338345864661,,,,
2003-07-01,4.9675,5.6325,,0.33999999999999986,7.347379794705561,-0.9624999999999995,-16.231028667790888,0.40249999999999986,7.695984703632884,-0.8525,-13.145720894371626,,,,
2003-08-01,5.588,6.264,,0.6204999999999998,12.491192752893806,-0.11399999999999988,-1.9992984917572758,0.6315,11.211717709720372,-0.0259999999999998,-0.4133545310015867,,,,
2003-09-01,5.4575,6.1475,,-0.1305000000000005,-2.335361488904805,-0.05000000000000071,-0.9078529278257051,-0.11650000000000027,-1.8598339719029418,0.054999999999999716,0.9027492819039756,,,,
2003-10-01,5.274,5.952,,-0.18349999999999955,-3.3623453962436933,-0.22599999999999998,-4.1090909090909085,-0.1955,-3.1801545343635627,-0.16049999999999986,-2.625766871165642,,,,
2003-11-01,5.2725,5.9325,,-0.0015000000000000568,-0.0284414106939715,-0.19150000000000045,-3.5047584187408574,-0.01949999999999985,-0.327620967741933,-0.1354999999999995,-2.233025708635457,,,,
2003-12-01,5.204,5.876,,-0.06850000000000023,-1.2991939307728824,-0.24600000000000044,-4.513761467889916,-0.05649999999999977,-0.9523809523809484,-0.17149999999999999,-2.835882596114096,,,,
2004-01-01,5.015,5.7125,,-0.18900000000000006,-3.631821675634129,-0.2890000000000006,-5.44871794871796,-0.16349999999999998,-2.7825051055139545,-0.20350000000000001,-3.4398242055442867,,,,
2004-02-01,4.9375,5.635,,-0.07749999999999968,-1.5453639082751682,-0.28249999999999975,-5.4118773946360115,-0.07750000000000057,-1.3566739606127012,-0.20750000000000046,-3.5515618314077955,,,,
2004-03-01,4.74,5.445,,-0.1974999999999998,-3.999999999999996,-0.3250000000000002,-6.4165844027640695,-0.1899999999999995,-3.37178349600709,-0.2999999999999998,-5.221932114882503,,,,
2004-04-01,5.158,5.83,,0.41800000000000015,8.818565400843886,0.04050000000000065,0.7914020517831099,0.3849999999999998,7.0707070707070665,0.01750000000000007,0.30107526881720553,,,,
2004-05-01,5.6375,6.27,,0.4794999999999998,9.296238852268317,0.7774999999999999,15.997942386831271,0.4399999999999995,7.547169811320746,0.7859999999999996,14.332603938730845,,,,
2004-06-01,5.66,6.2875,,0.022499999999999964,0.3991130820399107,1.0324999999999998,22.312263641274978,0.01750000000000007,0.27910685805422764,1.0574999999999992,20.21988527724664,,,,
2004-07-01,5.464,6.056,,-0.19599999999999973,-3.4628975265017616,0.49650000000000016,9.994967287367894,-0.2314999999999996,-3.681908548707747,0.42349999999999977,7.518863737239231,,,,
2004-08-01,5.26,5.8675,,-0.20400000000000063,-3.7335285505124562,-0.3280000000000003,-5.869720830350757,-0.18850000000000033,-3.112615587846769,-0.3965000000000005,-6.329821200510864,,,,
2004-09-01,5.144,5.754,,-0.11599999999999966,-2.2053231939163433,-0.31349999999999945,-5.744388456252853,-0.11350000000000016,-1.9343843204090354,-0.3935000000000004,-6.400976006506717,,,,
2004-10-01,5.115,5.7225,,-0.028999999999999915,-0.56376360808709,-0.1589999999999998,-3.014789533560861,-0.03149999999999942,-0.5474452554744424,-0.22949999999999982,-3.855846774193546,,,,
2004-11-01,5.135,5.73,,0.019999999999999574,0.3910068426197375,-0.13750000000000018,-2.6078710289236637,0.007500000000000284,0.13106159895151218,-0.20249999999999968,-3.4134007585334962,,,,
2004-12-01,5.178,5.752,,0.04300000000000015,0.8373904576436251,-0.0259999999999998,-0.4996156802459608,0.021999999999999353,0.3839441535776501,-0.12400000000000055,-2.1102791014295534,,,,
2005-01-01,5.1725,5.71,5.0375,-0.005499999999999616,-0.10621861722672106,0.15750000000000064,3.1405782652043994,-0.041999999999999815,-0.7301808066759357,-0.002500000000000391,-0.04376367614880334,,,,
2005-02-01,5.15,5.6275,5.0225,-0.022499999999999964,-0.43499275012083055,0.21250000000000036,4.303797468354437,-0.08249999999999957,-1.4448336252189067,-0.007499999999999396,-0.13309671694763792,-0.01499999999999968,-0.29776674937964626,,
2005-03-01,5.464,5.928,5.296,0.31400000000000006,6.0970873786407775,0.7240000000000002,15.27426160337553,0.30049999999999955,5.339848956019538,0.48299999999999965,8.870523415977955,0.2735000000000003,5.445495271279249,,
2005-04-01,5.4075,5.855,5.265,-0.05650000000000066,-1.0340409956076255,0.2494999999999994,4.837146180690178,-0.07299999999999951,-1.231443994601881,0.025000000000000355,0.4288164665523217,-0.031000000000000583,-0.5853474320241802,,
2005-05-01,5.28,5.72,5.1275,-0.1274999999999995,-2.3578363384188537,-0.35749999999999993,-6.341463414634145,-0.13500000000000068,-2.3057216054654255,-0.5499999999999998,-8.771929824561402,-0.1374999999999993,-2.611585944919265,,
2005-06-01,5.168,5.582,5.064,-0.1120000000000001,-2.121212121212123,-0.492,-8.692579505300353,-0.1379999999999999,-2.4125874125874107,-0.7054999999999998,-11.220675944333994,-0.06350000000000033,-1.23842028278889,,
2005-07-01,5.2775,5.695,5.2175,0.10949999999999971,2.118808049535598,-0.18650000000000055,-3.4132503660322207,0.11300000000000043,2.024364027230391,-0.36099999999999977,-5.9610303830911455,0.1535000000000002,3.031200631911536,,
2005-08-01,5.4,5.82,5.335,0.1225000000000005,2.3211747986736238,0.14000000000000057,2.6615969581749157,0.125,2.194907813871817,-0.04749999999999943,-0.8095440988495856,0.11749999999999972,2.2520364159079964,,
2005-09-01,5.358,5.774,5.31,-0.0420000000000007,-0.7777777777777908,0.21399999999999952,4.160186625194392,-0.04600000000000026,-0.7903780068728568,0.020000000000000462,0.3475842891901366,-0.025000000000000355,-0.4686035613870732,,
2005-10-01,5.625,6.065,5.5675,0.26700000000000035,4.983202687569996,0.5099999999999998,9.970674486803514,0.29100000000000037,5.03983373744372,0.34250000000000025,5.985146352118834,0.2575000000000003,4.849340866290024,,
2005-11-01,5.8625,6.33,5.795,0.23749999999999982,4.222222222222219,0.7275,14.167478091528727,0.2649999999999997,4.36933223413025,0.5999999999999996,10.471204188481668,0.22750000000000004,4.086214638527167,,
2005-12-01,5.816,6.272,5.784,-0.046499999999999986,-0.7931769722814498,0.6379999999999999,12.3213595983005,-0.05799999999999983,-0.9162717219589231,0.5200000000000005,9.040333796940203,-0.01100000000000012,-0.18981880931838,,
2006-01-01,5.71,6.145,5.76,-0.10599999999999987,-1.8225584594222812,0.5374999999999996,10.39149347510874,-0.12700000000000067,-2.024872448979602,0.4349999999999996,7.618213660245177,-0.02400000000000002,-0.41493775933609994,0.7225000000000001,14.342431761786603
2006-02-01,5.86,6.2525,5.9175,0.15000000000000036,2.626970227670759,0.71,13.786407766990289,0.10750000000000082,1.7493897477624218,0.625,11.106175033318525,0.15750000000000064,2.734375000000011,0.8950000000000005,17.819810851169745
2006-03-01,5.968,6.324,5.982,0.10799999999999965,1.8430034129692772,0.5039999999999996,9.22401171303074,0.07149999999999945,1.1435425829668044,0.3959999999999999,6.680161943319837,0.06449999999999978,1.0899873257287669,0.6859999999999999,12.953172205438065
2006-04-01,6.155,6.5075,6.1525,0.18700000000000028,3.133378016085796,0.7475000000000005,13.82339343504393,0.18350000000000044,2.901644528779261,0.6524999999999999,11.144321093082832,0.17049999999999965,2.8502173186225286,0.8875000000000002,16.856600189933527
2006-05-01,6.205,6.5975,6.2175,0.04999999999999982,0.8123476848090955,0.9249999999999998,17.51893939393939,0.08999999999999986,1.383019592777562,0.8775000000000004,15.340909090909099,0.06500000000000039,1.056481105241778,1.0899999999999999,21.2579229644076
2006-06-01,6.306,6.682,6.28,0.10099999999999998,1.6277195809830776,1.138,22.020123839009283,0.08450000000000024,1.2807881773399052,1.1000000000000005,19.706198495163036,0.0625,1.0052271813429836,1.2160000000000002,24.012638230647713
2006-07-01,6.39,6.7625,6.3575,0.08399999999999963,1.3320647002854367,1.1124999999999998,21.080056845097108,0.0804999999999998,1.2047291230170576,1.0675,18.744512730465317,0.07749999999999968,1.234076433121014,1.1399999999999997,21.84954480114997
2006-08-01,6.198,6.524,6.182,-0.19199999999999928,-3.00469483568074,0.798,14.777777777777779,-0.23850000000000016,-3.5268022181146046,0.7039999999999997,12.096219931271472,-0.17549999999999955,-2.7605190719622423,0.8470000000000004,15.876288659793822
2006-09-01,6.0775,6.4025,6.08,-0.12050000000000072,-1.9441755404969459,0.7195,13.428518103770065,-0.12150000000000016,-1.8623543838136136,0.6284999999999998,10.885001731901625,-0.10200000000000031,-1.6499514720155337,0.7700000000000005,14.500941619585697
2006-10-01,6.05,6.3575,6.0875,-0.027499999999999858,-0.45248868778280316,0.4249999999999998,7.555555555555553,-0.04499999999999993,-0.7028504490433413,0.29249999999999954,4.822753503709802,0.007500000000000284,0.12335526315789941,0.5200000000000005,9.33991917377639
2006-11-01,5.956,6.24,6.022,-0.09399999999999942,-1.5537190082644532,0.09350000000000058,1.5948827292110974,-0.11749999999999972,-1.8482107746755756,-0.08999999999999986,-1.4218009478672962,-0.06550000000000011,-1.0759753593429175,0.2270000000000003,3.9171699741156223
2006-12-01,5.88,6.135,5.945,-0.07600000000000051,-1.2760241773002101,0.06400000000000006,1.1004126547455306,-0.10500000000000043,-1.6826923076923146,-0.13700000000000045,-2.184311224489803,-0.07699999999999996,-1.2786449684490195,0.16100000000000048,2.7835408022130097
2007-01-01,5.965,6.2175,6.0225,0.08499999999999996,1.4455782312925163,0.2549999999999999,4.4658493870402785,0.08250000000000046,1.3447432762836262,0.07250000000000068,1.1798209926769843,0.07749999999999968,1.303616484440701,0.2625000000000002,4.55729166666667
2007-02-01,6.02,6.285,6.0,0.054999999999999716,0.9220452640402299,0.15999999999999925,2.7303754266211477,0.0674999999999999,1.0856453558504204,0.03249999999999975,0.5197920831667293,-0.022499999999999964,-0.3735990037359894,0.08249999999999957,1.3941698352344667
2007-03-01,5.884,6.156,5.904,-0.13599999999999923,-2.2591362126245724,-0.08399999999999963,-1.4075067024128625,-0.12900000000000045,-2.0525059665871193,-0.16800000000000015,-2.6565464895635698,-0.09600000000000009,-1.6000000000000014,-0.07800000000000029,-1.3039117352056218
2007-04-01,5.8825,6.18,5.9125,-0.0015000000000000568,-0.025492861998641345,-0.27249999999999996,-4.427294882209585,0.02400000000000002,0.38986354775828497,-0.32750000000000057,-5.032654629273924,0.00849999999999973,0.14397018970189246,-0.2400000000000002,-3.9008533116619297
2007-05-01,5.968,6.262,5.978,0.08549999999999969,1.4534636634084095,-0.2370000000000001,-3.8195004029008874,0.08199999999999985,1.3268608414239458,-0.3355000000000006,-5.085259568018198,0.06550000000000011,1.1078224101479934,-0.2395000000000005,-3.8520305589063204
2007-06-01,6.34,6.6575,6.305,0.3719999999999999,6.233243967828416,0.03399999999999981,0.5391690453536284,0.3955000000000002,6.315873522836157,-0.024500000000000632,-0.3666566896138975,0.32699999999999996,5.4700568752090994,0.024999999999999467,0.39808917197451377
2007-07-01,6.36,6.695,6.3225,0.020000000000000462,0.3154574132492186,-0.02999999999999936,-0.4694835680751074,0.03750000000000053,0.5632745024408642,-0.0674999999999999,-0.9981515711645086,0.01750000000000007,0.27755749405234054,-0.03500000000000014,-0.5505308690523026
2007-08-01,6.234,6.572,6.332,-0.12600000000000033,-1.9811320754717032,0.03599999999999959,0.5808325266214841,-0.12300000000000022,-1.8371919342793162,0.04800000000000004,0.7357449417535261,0.009500000000000064,0.15025701858442173,0.14999999999999947,2.42639922355224
2007-09-01,6.0475,6.3825,6.2125,-0.18649999999999967,-2.991658646134098,-0.02999999999999936,-0.49362402303577724,-0.18949999999999978,-2.8834449178332284,-0.019999999999999574,-0.31237797735259,-0.1194999999999995,-1.887239418825008,0.13250000000000028,2.1792763157894783
2007-10-01,6.04,6.375,6.0925,-0.007500000000000284,-0.1240181893344404,-0.009999999999999787,-0.1652892561983436,-0.007500000000000284,-0.11750881316099152,0.01750000000000007,0.2752654345261513,-0.1200000000000001,-1.9315895372233418,0.004999999999999893,0.08213552361396129
2007-11-01,5.85,6.208,5.914,-0.1900000000000004,-3.145695364238417,-0.10600000000000076,-1.779717931497662,-0.16699999999999982,-2.619607843137252,-0.03200000000000003,-0.5128205128205132,-0.17850000000000055,-2.9298317603611084,-0.10800000000000054,-1.7934241115908425
2007-12-01,5.7525,6.095,5.86,-0.09749999999999925,-1.666666666666654,-0.1274999999999995,-2.168367346938767,-0.11300000000000043,-1.8202319587628937,-0.040000000000000036,-0.6519967400163005,-0.05399999999999938,-0.9130875887723942,-0.08499999999999996,-1.4297729184188388
2008-01-01,5.288,5.758,5.452,-0.46450000000000014,-8.074750108648415,-0.6769999999999996,-11.349538977367974,-0.33699999999999974,-5.529122231337158,-0.45950000000000024,-7.390430237233618,-0.40800000000000036,-6.962457337883965,-0.5705,-9.472810294728102
2008-02-01,5.44,5.9175,5.3,0.15200000000000014,2.8744326777609706,-0.5799999999999992,-9.634551495016598,0.15950000000000042,2.7700590482806606,-0.3674999999999997,-5.847255369928396,-0.15200000000000014,-2.787967718268528,-0.7000000000000002,-11.66666666666667
2008-03-01,5.42,5.97,5.5375,-0.020000000000000462,-0.3676470588235379,-0.4640000000000004,-7.885791978246097,0.052499999999999325,0.8871989860582902,-0.18599999999999994,-3.021442495126705,0.23749999999999982,4.481132075471695,-0.36650000000000027,-6.207655826558271
2008-04-01,5.465,5.9175,5.5775,0.04499999999999993,0.8302583025830245,-0.4175000000000004,-7.0973225669358335,-0.052499999999999325,-0.8793969849246118,-0.2624999999999993,-4.247572815533969,0.040000000000000036,0.7223476297968404,-0.33499999999999996,-5.665961945031713
2008-05-01,5.6,6.036,5.64,0.1349999999999998,2.470265324794141,-0.3680000000000003,-6.166219839142097,0.11849999999999916,2.0025348542458667,-0.22599999999999998,-3.6090705844778026,0.0625,1.120573733751681,-0.3380000000000001,-5.654064904650387
2008-06-01,5.91,6.32,5.7725,0.3100000000000005,5.535714285714295,-0.4299999999999997,-6.782334384858039,0.2840000000000007,4.705102717031159,-0.33749999999999947,-5.069470521967697,0.13250000000000028,2.349290780141849,-0.5324999999999998,-8.445678033306896
2008-07-01,5.972,6.426,5.926,0.06200000000000028,1.049069373942475,-0.3879999999999999,-6.100628930817608,0.10599999999999987,1.6772151898734156,-0.26900000000000013,-4.017923823749068,0.1535000000000002,2.65915980944132,-0.39649999999999963,-6.271253459865554
2008-08-01,6.025,6.4775,6.0225,0.052999999999999936,0.8874748827863351,-0.20899999999999963,-3.352582611485397,0.05149999999999988,0.801431683784623,-0.09450000000000003,-1.43791844187462,0.09649999999999981,1.628417144785687,-0.3094999999999999,-4.88787113076437
2008-09-01,5.64,6.0375,5.8825,-0.3850000000000007,-6.390041493775945,-0.40750000000000064,-6.738321620504351,-0.4400000000000004,-6.792744114241611,-0.34500000000000064,-5.405405405405415,-0.13999999999999968,-2.324616023246155,-0.33000000000000007,-5.311871227364186
2008-10-01,5.892,6.2,6.092,0.25200000000000067,4.468085106382991,-0.1479999999999997,-2.4503311258278093,0.16250000000000053,2.6915113871635703,-0.17499999999999982,-2.7450980392156836,0.20949999999999935,3.561410964725871,-0.0005000000000006111,-0.008206811653682578
2008-11-01,5.79,6.0875,5.975,-0.10200000000000031,-1.7311608961303515,-0.05999999999999961,-1.025641025641019,-0.11249999999999982,-1.8145161290322551,-0.12049999999999983,-1.941043814432987,-0.11699999999999999,-1.9205515430072226,0.06099999999999994,1.0314507947243818
2008-12-01,5.038,5.286,5.65,-0.7519999999999998,-12.987910189982724,-0.7145000000000001,-12.420686657974796,-0.8015000000000008,-13.166324435318286,-0.8090000000000002,-13.273174733388027,-0.3249999999999993,-5.439330543933043,-0.20999999999999996,-3.583617747440272
2009-01-01,4.7175,5.0475,5.3125,-0.3205,-6.361651448987693,-0.5705,-10.78857791225416,-0.23849999999999927,-4.511918274687841,-0.7104999999999997,-12.339353942341086,-0.33750000000000036,-5.973451327433634,-0.13949999999999996,-2.5586940572267047
2009-02-01,4.7725,5.13,5.1475,0.054999999999999716,1.1658717541070422,-0.6675000000000004,-12.2702205882353,0.08249999999999957,1.6344725111441223,-0.7875000000000005,-13.307984790874533,-0.16500000000000004,-3.105882352941177,-0.15249999999999986,-2.877358490566035
2009-03-01,4.6375,5.0025,5.0025,-0.1349999999999998,-2.8287061288632747,-0.7824999999999998,-14.437269372693724,-0.1274999999999995,-2.485380116959055,-0.9674999999999994,-16.206030150753758,-0.14499999999999957,-2.816901408450696,-0.5349999999999993,-9.661399548532719
2009-04-01,4.5,4.81,4.876,-0.13750000000000018,-2.9649595687331574,-0.9649999999999999,-17.657822506861844,-0.19250000000000078,-3.8480759620190055,-1.1075000000000008,-18.71567384875371,-0.12650000000000006,-2.528735632183909,-0.7014999999999993,-12.577319587628855
2009-05-01,4.515,4.8575,4.8325,0.01499999999999968,0.33333333333332626,-1.085,-19.375,0.04750000000000032,0.9875259875259942,-1.1784999999999997,-19.52451954937044,-0.04350000000000076,-0.8921246923708113,-0.8075000000000001,-14.317375886524825
2009-06-01,4.9025,5.42,4.995,0.3875000000000002,8.582502768549285,-1.0075000000000003,-17.04737732656515,0.5625,11.580030880082347,-0.9000000000000004,-14.240506329113927,0.16250000000000053,3.362648732540104,-0.7774999999999999,-13.469034213945427
2009-07-01,4.692,5.222,4.804,-0.2104999999999997,-4.293727689954099,-1.2800000000000002,-21.43335565974548,-0.1979999999999995,-3.6531365313653046,-1.2039999999999997,-18.73638344226579,-0.19099999999999984,-3.8238238238238207,-1.1219999999999999,-18.93351333108336
2009-08-01,4.6125,5.1925,4.68,-0.07950000000000035,-1.6943734015345342,-1.4125000000000005,-23.443983402489636,-0.029500000000000526,-0.5649176560704812,-1.2850000000000001,-19.837900424546508,-0.12400000000000055,-2.5811823480433085,-1.3425000000000002,-22.291407222914074
2009-09-01,4.4925,5.0575,4.53,-0.1200000000000001,-2.601626016260165,-1.1475,-20.345744680851062,-0.1349999999999998,-2.599903707270097,-0.9799999999999995,-16.23188405797101,-0.14999999999999947,-3.2051282051281937,-1.3525,-22.991925201869954
2009-10-01,4.39,4.952,4.394,-0.10250000000000004,-2.281580411797441,-1.5020000000000007,-25.492192803801778,-0.10550000000000015,-2.0860108749382134,-1.2480000000000002,-20.12903225806452,-0.13600000000000012,-3.0022075055187663,-1.6979999999999995,-27.8726198292843
2009-11-01,4.3425,4.875,4.2675,-0.04749999999999943,-1.082004555808643,-1.4474999999999998,-24.999999999999996,-0.07699999999999996,-1.5549273021001608,-1.2125000000000004,-19.91786447638604,-0.12650000000000006,-2.878925807919892,-1.7074999999999996,-28.57740585774058
2009-12-01,4.392,4.93,4.332,0.0495000000000001,1.139896373056997,-0.6459999999999999,-12.822548630408889,0.054999999999999716,1.1282051282051224,-0.35599999999999987,-6.734771093454405,0.06449999999999978,1.5114235500878683,-1.3180000000000005,-23.32743362831859
2010-01-01,4.435,5.03,4.32,0.04299999999999926,0.9790528233151016,-0.28250000000000064,-5.988341282458943,0.10000000000000053,2.028397565922932,-0.01750000000000007,-0.3467062902426958,-0.011999999999999567,-0.27700831024929745,-0.9924999999999997,-18.682352941176468
2010-02-01,4.3675,4.99,4.185,-0.0674999999999999,-1.521984216459975,-0.40500000000000025,-8.486118386589842,-0.040000000000000036,-0.7952286282306169,-0.13999999999999968,-2.7290448343079863,-0.13500000000000068,-3.125000000000015,-0.9625000000000004,-18.69839728023313
2010-03-01,4.33,4.9675,4.0975,-0.037499999999999645,-0.8586147681740045,-0.3075000000000001,-6.630727762803236,-0.022499999999999964,-0.45090180360721366,-0.03500000000000014,-0.6996501749125466,-0.08749999999999947,-2.0908004778972393,-0.9050000000000002,-18.090954522738635
2010-04-01,4.418,5.098,4.092,0.08800000000000008,2.0323325635103946,-0.08199999999999985,-1.8222222222222189,0.13049999999999962,2.627075993960737,0.28800000000000026,5.987525987525993,-0.0055000000000005045,-0.13422818791947538,-0.7840000000000007,-16.078753076292056
2010-05-01,4.2775,4.8875,3.95,-0.1405000000000003,-3.1801720235400697,-0.23749999999999982,-5.260243632336652,-0.2104999999999997,-4.129070223617099,0.03000000000000025,0.6176016469377303,-0.14199999999999946,-3.4701857282502315,-0.8824999999999994,-18.261769270563878
2010-06-01,4.175,4.7375,3.8975,-0.10250000000000004,-2.39625949736996,-0.7275,-14.83936766955635,-0.15000000000000036,-3.0690537084399048,-0.6825000000000001,-12.592250922509226,-0.05250000000000021,-1.3291139240506382,-1.0975000000000001,-21.971971971971975
2010-07-01,4.04,4.564,3.788,-0.1349999999999998,-3.233532934131732,-0.6520000000000001,-13.89599317988065,-0.17349999999999977,-3.6622691292875946,-0.6580000000000004,-12.600536193029496,-0.10950000000000015,-2.80949326491341,-1.0160000000000005,-21.14904246461283
2010-08-01,3.9075,4.4275,3.5775,-0.13249999999999984,-3.2797029702970257,-0.7049999999999996,-15.284552845528449,-0.13649999999999984,-2.9907975460122667,-0.7649999999999997,-14.732787674530567,-0.2104999999999997,-5.557022175290383,-1.1024999999999996,-23.557692307692303
2010-09-01,3.81,4.346,3.542,-0.09750000000000014,-2.4952015355086408,-0.6824999999999997,-15.19198664440734,-0.08150000000000013,-1.8407679277244522,-0.7115,-14.068215521502719,-0.03550000000000031,-0.9923130677847746,-0.9880000000000004,-21.81015452538632
2010-10-01,3.66,4.225,3.45,-0.1499999999999999,-3.937007874015746,-0.7299999999999995,-16.62870159453302,-0.12100000000000044,-2.7841693511274834,-0.7270000000000003,-14.680936995153479,-0.09199999999999964,-2.597402597402587,-0.944,-21.483841602184796
2010-11-01,3.6825,4.3,3.3725,0.022499999999999964,0.6147540983606548,-0.6600000000000001,-15.198618307426601,0.07500000000000018,1.775147928994087,-0.5750000000000002,-11.7948717948718,-0.07750000000000012,-2.246376811594206,-0.895,-20.97246631517282
2010-12-01,4.058,4.714,3.676,0.3754999999999997,10.196877121520698,-0.3340000000000005,-7.60473588342442,0.4140000000000006,9.627906976744201,-0.2159999999999993,-4.3813387423934955,0.3035000000000001,8.999258710155674,-0.6559999999999997,-15.14312096029547
2011-01-01,4.0875,4.755,3.715,0.029500000000000526,0.7269590931493476,-0.34749999999999925,-7.835400225479128,0.04099999999999948,0.8697496817988858,-0.27500000000000036,-5.467196819085494,0.0389999999999997,1.0609357997823639,-0.6050000000000004,-14.004629629629639
2011-02-01,4.215,4.9525,3.82,0.1274999999999995,3.119266055045859,-0.15249999999999986,-3.4917000572409815,0.1974999999999998,4.153522607781278,-0.03750000000000053,-0.7515030060120347,0.10499999999999998,2.8263795423956926,-0.36499999999999977,-8.721624850657104
2011-03-01,4.08,4.836,3.668,-0.1349999999999998,-3.2028469750889634,-0.25,-5.773672055427252,-0.11649999999999938,-2.3523472993437533,-0.13149999999999995,-2.6472068444891783,-0.1519999999999997,-3.979057591623029,-0.4295,-10.482001220256253
2011-04-01,4.055,4.84,3.655,-0.025000000000000355,-0.6127450980392244,-0.36300000000000043,-8.216387505658679,0.0039999999999995595,0.08271298593878328,-0.258,-5.06080816006277,-0.013000000000000345,-0.354416575790631,-0.43699999999999983,-10.679374389051805
2011-05-01,3.8225,4.6375,3.4425,-0.23249999999999993,-5.733662145499382,-0.45500000000000007,-10.637054354178845,-0.20249999999999968,-4.183884297520655,-0.25,-5.115089514066496,-0.2124999999999999,-5.813953488372091,-0.5075000000000003,-12.848101265822793
2011-06-01,3.694,4.51,3.286,-0.12849999999999984,-3.361674296926091,-0.48099999999999987,-11.520958083832333,-0.1275000000000004,-2.7493261455525686,-0.22750000000000004,-4.802110817941953,-0.15649999999999986,-4.54611474219317,-0.6114999999999999,-15.689544579858882
2011-07-01,3.68,4.545,3.2775,-0.01399999999999979,-0.37899296155927964,-0.3599999999999999,-8.910891089108908,0.03500000000000014,0.7760532150776085,-0.019000000000000128,-0.4163014899211246,-0.008500000000000174,-0.258673158855757,-0.5105,-13.47676874340021
2011-08-01,3.46,4.27,3.115,-0.2200000000000002,-5.978260869565222,-0.44750000000000023,-11.452335252719136,-0.27500000000000036,-6.050605060506058,-0.15750000000000064,-3.557312252964441,-0.16249999999999964,-4.958047292143392,-0.4624999999999999,-12.928022361984622
2011-09-01,3.318,4.106,2.99,-0.1419999999999999,-4.104046242774563,-0.492,-12.913385826771654,-0.1639999999999997,-3.8407494145199,-0.2400000000000002,-5.522319374137143,-0.125,-4.012841091492777,-0.5519999999999996,-15.584415584415574
2011-10-01,3.3475,4.0675,3.0275,0.02950000000000008,0.8890898131404485,-0.3125,-8.538251366120218,-0.03849999999999998,-0.9376522162688743,-0.15749999999999975,-3.727810650887568,0.037499999999999645,1.254180602006677,-0.4225000000000003,-12.246376811594212
2011-11-01,3.305,3.9925,2.955,-0.04249999999999998,-1.2696041822255408,-0.37749999999999995,-10.251188051595381,-0.07499999999999973,-1.8438844499077993,-0.30749999999999966,-7.151162790697667,-0.07249999999999979,-2.3947151114781104,-0.4175,-12.379540400296515
2011-12-01,3.246,3.958,2.884,-0.05900000000000016,-1.7851739788199747,-0.8119999999999998,-20.00985707244948,-0.034499999999999975,-0.8641202254226668,-0.7560000000000002,-16.037335596096735,-0.07100000000000017,-2.4027072758037282,-0.7920000000000003,-21.54515778019587
2012-01-01,3.2,3.915,2.8375,-0.04599999999999982,-1.4171287738755336,-0.8875000000000002,-21.712538226299696,-0.04300000000000015,-1.0864072764022272,-0.8399999999999999,-17.665615141955833,-0.046499999999999986,-1.6123439667128985,-0.8775,-23.620457604306864
2012-02-01,3.1625,3.89,2.8125,-0.03750000000000009,-1.1718750000000027,-1.0524999999999998,-24.97034400948991,-0.02499999999999991,-0.6385696040868432,-1.0624999999999996,-21.453811206461378,-0.02499999999999991,-0.8810572687224639,-1.0074999999999998,-26.374345549738216
2012-03-01,3.198,3.954,2.866,0.035499999999999865,1.1225296442687704,-0.8820000000000001,-21.617647058823533,0.06400000000000006,1.6452442159383045,-0.8820000000000001,-18.23821339950372,0.0535000000000001,1.902222222222226,-0.802,-21.864776444929117
2012-04-01,3.1425,3.91,2.835,-0.05549999999999988,-1.735459662288927,-0.9124999999999996,-22.503082614056712,-0.04400000000000004,-1.112797167425393,-0.9299999999999997,-19.214876033057845,-0.03100000000000014,-1.0816468946266622,-0.8199999999999998,-22.435020519835838
2012-05-01,3.034,3.798,2.832,-0.10850000000000026,-3.4526650755767783,-0.7885,-20.62786134728581,-0.1120000000000001,-2.8644501278772405,-0.8395000000000001,-18.102425876010784,-0.0030000000000001137,-0.10582010582010984,-0.6105,-17.734204793028326
2012-06-01,2.9525,3.675,2.8,-0.08149999999999968,-2.6862228081740174,-0.7414999999999998,-20.073091499729287,-0.12300000000000022,-3.2385466034755193,-0.835,-18.514412416851442,-0.03200000000000003,-1.12994350282486,-0.4860000000000002,-14.790018259281808
2012-07-01,2.845,3.55,2.74,-0.10749999999999993,-3.64098221845893,-0.835,-22.690217391304344,-0.125,-3.4013605442176873,-0.9950000000000001,-21.892189218921896,-0.05999999999999961,-2.142857142857129,-0.5374999999999996,-16.399694889397395
2012-08-01,2.86,3.602,2.772,0.01499999999999968,0.5272407732864562,-0.6000000000000001,-17.34104046242775,0.052000000000000046,1.4647887323943676,-0.6679999999999997,-15.64402810304449,0.031999999999999584,1.1678832116788167,-0.3430000000000004,-11.011235955056192
2012-09-01,2.8025,3.4975,2.735,-0.05749999999999966,-2.0104895104894984,-0.5154999999999998,-15.53646775165762,-0.10449999999999982,-2.901166018878396,-0.6084999999999998,-14.819775937652214,-0.03699999999999992,-1.334776334776332,-0.25500000000000034,-8.528428093645497
2012-10-01,2.6925,3.3825,2.7375,-0.11000000000000032,-3.925066904549521,-0.6550000000000002,-19.566840926064234,-0.11500000000000021,-3.2880629020729155,-0.685,-16.84081130915796,0.0024999999999999467,0.09140767824497063,-0.29000000000000004,-9.57886044591247
2012-11-01,2.662,3.352,2.734,-0.03049999999999997,-1.1327762302692657,-0.6430000000000002,-19.455370650529506,-0.03049999999999997,-0.9016999260901692,-0.6405000000000003,-16.042579837194747,-0.0034999999999998366,-0.12785388127853284,-0.22100000000000009,-7.478849407783421
2012-12-01,2.6575,3.345,2.7,-0.0044999999999997264,-0.16904583020284472,-0.5884999999999998,-18.130006161429446,-0.006999999999999673,-0.20883054892600456,-0.613,-15.487620010106113,-0.03399999999999981,-1.2435991221653186,-0.18399999999999972,-6.38002773925103
2013-01-01,2.696,3.414,2.684,0.03849999999999998,1.448730009407337,-0.504,-15.75,0.06899999999999995,2.0627802690582944,-0.5009999999999999,-12.796934865900381,-0.016000000000000014,-0.5925925925925931,-0.15349999999999975,-5.4096916299559386
2013-02-01,2.7675,3.5325,2.63,0.0714999999999999,2.6520771513353076,-0.395,-12.4901185770751,0.11850000000000005,3.4710017574692458,-0.35749999999999993,-9.190231362467864,-0.05400000000000027,-2.0119225037257924,-0.1825000000000001,-6.4888888888888925
2013-03-01,2.7575,3.565,2.6325,-0.010000000000000231,-0.3613369467028087,-0.4405000000000001,-13.77423389618512,0.03249999999999975,0.9200283085633334,-0.38900000000000023,-9.83813859382904,0.0024999999999999467,0.0950570342205303,-0.23350000000000026,-8.147243545010477
2013-04-01,2.66,3.445,2.6125,-0.0974999999999997,-3.535811423390742,-0.48249999999999993,-15.35401750198886,-0.1200000000000001,-3.366058906030859,-0.4650000000000003,-11.89258312020461,-0.020000000000000018,-0.7597340930674271,-0.22250000000000014,-7.848324514991186
2013-05-01,2.722,3.536,2.61,0.06199999999999983,2.3308270676691665,-0.31199999999999983,-10.283454185893206,0.09100000000000019,2.64150943396227,-0.262,-6.898367561874672,-0.0024999999999999467,-0.09569377990430418,-0.22199999999999998,-7.838983050847458
2013-06-01,3.1675,4.07,2.85,0.4455,16.36664217487142,0.21499999999999986,7.28196443691786,0.5340000000000003,15.101809954751138,0.39500000000000046,10.748299319727904,0.2400000000000002,9.195402298850583,0.050000000000000266,1.7857142857142954
2013-07-01,3.43,4.37,3.1725,0.2625000000000002,8.287292817679564,0.585,20.56239015817223,0.2999999999999998,7.371007371007367,0.8200000000000003,23.098591549295783,0.3224999999999998,11.315789473684204,0.43249999999999966,15.784671532846703
2013-08-01,3.488,4.456,3.21,0.05799999999999983,1.6909620991253593,0.6280000000000001,21.958041958041964,0.0860000000000003,1.9679633867276958,0.8540000000000005,23.709050527484745,0.03750000000000009,1.1820330969267168,0.43800000000000017,15.800865800865807
2013-09-01,3.5225,4.49,3.17,0.034499999999999975,0.9891055045871553,0.7199999999999998,25.691347011596775,0.03399999999999981,0.7630161579892236,0.9925000000000002,28.37741243745533,-0.040000000000000036,-1.2461059190031165,0.43500000000000005,15.904936014625232
2013-10-01,3.274,4.192,3.022,-0.24849999999999994,-7.0546486870120635,0.5815000000000001,21.597028783658313,-0.29800000000000004,-6.6369710467706025,0.8095000000000003,23.932002956393212,-0.14800000000000013,-4.668769716088332,0.2845,10.39269406392694
2013-11-01,3.2975,4.255,2.965,0.023499999999999854,0.7177764202809974,0.6355,23.873027798647634,0.06299999999999972,1.5028625954198407,0.903,26.939140811455847,-0.05699999999999994,-1.8861681005956303,0.23099999999999987,8.449158741770296
2013-12-01,3.4825,4.4575,2.9725,0.18500000000000005,5.610310841546628,0.8249999999999997,31.04421448730008,0.20249999999999968,4.75910693301997,1.1124999999999994,33.25859491778772,0.007500000000000284,0.25295109612142613,0.27249999999999996,10.09259259259259
2014-01-01,3.48,4.432,3.114,-0.0024999999999999467,-0.0717875089734371,0.7839999999999998,29.08011869436201,-0.02549999999999919,-0.5720695457094603,1.0180000000000002,29.81839484475689,0.14149999999999974,4.760302775441538,0.4299999999999997,16.02086438152011
2014-02-01,3.35,4.3025,3.065,-0.1299999999999999,-3.735632183908043,0.5825,21.04787714543812,-0.12950000000000017,-2.921931407942242,0.77,21.797593772116063,-0.04899999999999993,-1.5735388567758488,0.43500000000000005,16.539923954372625
2014-03-01,3.36,4.3425,3.06,0.009999999999999787,0.2985074626865608,0.6025,21.849501359927473,0.040000000000000036,0.9296920395119125,0.7775000000000003,21.809256661991594,-0.004999999999999893,-0.1631321370309916,0.4275000000000002,16.23931623931625
2014-04-01,3.3925,4.3375,3.0675,0.032500000000000195,0.9672619047619107,0.7324999999999999,27.5375939849624,-0.004999999999999893,-0.11514104778353237,0.8925000000000005,25.907111756168376,0.00749999999999984,0.24509803921568107,0.45500000000000007,17.416267942583737
2014-05-01,3.29,4.192,3.006,-0.10250000000000004,-3.021370670596906,0.5680000000000001,20.86700955180015,-0.14550000000000018,-3.3544668587896296,0.6560000000000001,18.552036199095028,-0.06150000000000011,-2.004889975550126,0.3959999999999999,15.172413793103445
2014-06-01,3.265,4.1625,2.99,-0.02499999999999991,-0.7598784194528849,0.09750000000000014,3.078137332280983,-0.029500000000000526,-0.703721374045814,0.09249999999999936,2.272727272727257,-0.01599999999999957,-0.5322687957418354,0.14000000000000012,4.912280701754391
2014-07-01,3.236,4.13,2.988,-0.028999999999999915,-0.8882082695252653,-0.19399999999999995,-5.655976676384838,-0.03249999999999975,-0.7807807807807748,-0.2400000000000002,-5.491990846681927,-0.002000000000000224,-0.06688963210703089,-0.1844999999999999,-5.815602836879429
2014-08-01,3.2475,4.115,2.9675,0.011499999999999844,0.35537700865265276,-0.24049999999999994,-6.895068807339448,-0.01499999999999968,-0.36319612590798256,-0.3410000000000002,-7.6526032315978485,-0.020500000000000185,-0.6860776439089754,-0.24250000000000016,-7.5545171339563915
2014-09-01,3.3075,4.1625,3.025,0.06000000000000005,1.8475750577367223,-0.21499999999999986,-6.1036195883605355,0.04749999999999943,1.1543134872417844,-0.32750000000000057,-7.293986636971058,0.05750000000000011,1.9376579612468445,-0.14500000000000002,-4.5741324921135655
2014-10-01,3.21,4.036,2.976,-0.09750000000000014,-2.9478458049886664,-0.06400000000000006,-1.9547953573610282,-0.12650000000000006,-3.0390390390390407,-0.15600000000000058,-3.7213740458015407,-0.04899999999999993,-1.6198347107437994,-0.04599999999999982,-1.5221707478491007
2014-11-01,3.1875,3.9975,3.0025,-0.022499999999999964,-0.7009345794392512,-0.10999999999999988,-3.335860500379072,-0.038499999999999535,-0.9539147670961234,-0.25749999999999984,-6.051703877790831,0.026499999999999968,0.8904569892473106,0.03750000000000009,1.2647554806070858
2014-12-01,3.128,3.864,2.978,-0.059499999999999886,-1.866666666666663,-0.3544999999999998,-10.179468772433593,-0.13350000000000017,-3.339587242026271,-0.5934999999999997,-13.314638250140206,-0.024499999999999744,-0.8159866777685176,0.00550000000000006,0.1850294365012636
2015-01-01,2.985,3.67,2.8925,-0.14300000000000024,-4.571611253196938,-0.4950000000000001,-14.224137931034486,-0.19399999999999995,-5.02070393374741,-0.7620000000000005,-17.193140794223837,-0.08550000000000013,-2.8710543989254576,-0.2214999999999998,-7.113037893384708
2015-02-01,3.0075,3.71,2.9375,0.022499999999999964,0.7537688442211044,-0.34250000000000025,-10.223880597014933,0.040000000000000036,1.0899182561307912,-0.5925000000000002,-13.771063335270197,0.04499999999999993,1.555747623163351,-0.12749999999999995,-4.159869494290374
2015-03-01,3.04,3.77,2.965,0.032500000000000195,1.0806317539484687,-0.31999999999999984,-9.523809523809518,0.06000000000000005,1.617250673854449,-0.5725000000000002,-13.183649971214741,0.027499999999999858,0.9361702127659527,-0.0950000000000002,-3.104575163398699
2015-04-01,2.942,3.672,2.864,-0.09799999999999986,-3.223684210526311,-0.4504999999999999,-13.279292557111273,-0.09799999999999986,-2.5994694960212166,-0.6655000000000002,-15.342939481268015,-0.10099999999999998,-3.406408094435075,-0.20350000000000001,-6.634066829665852
2015-05-01,3.0625,3.84,2.8925,0.12049999999999983,4.095853161114881,-0.22750000000000004,-6.914893617021278,0.1679999999999997,4.575163398692802,-0.3520000000000003,-8.396946564885504,0.028500000000000192,0.9951117318435821,-0.11349999999999971,-3.7757817697937366
2015-06-01,3.1925,3.9825,2.9875,0.1299999999999999,4.24489795918367,-0.07250000000000023,-2.220520673813177,0.14250000000000007,3.710937500000002,-0.17999999999999972,-4.3243243243243175,0.09499999999999975,3.2843560933448486,-0.002500000000000391,-0.08361204013379232
2015-07-01,3.214,4.046,2.96,0.021500000000000075,0.6734534064213022,-0.02200000000000024,-0.6798516687268307,0.06350000000000033,1.5944758317639758,-0.08399999999999963,-2.033898305084737,-0.027499999999999858,-0.9205020920502046,-0.028000000000000025,-0.9370816599732271
2015-08-01,3.1275,3.905,2.93,-0.08650000000000002,-2.6913503422526452,-0.1200000000000001,-3.6951501154734445,-0.14100000000000046,-3.484923381117164,-0.2100000000000004,-5.103280680437434,-0.029999999999999805,-1.013513513513507,-0.037499999999999645,-1.2636899747261887
2015-09-01,3.095,3.89,2.9175,-0.03249999999999975,-1.0391686650679377,-0.2124999999999999,-6.424792139077851,-0.01499999999999968,-0.38412291933417875,-0.2724999999999995,-6.546546546546536,-0.012500000000000178,-0.42662116040956233,-0.10749999999999993,-3.5537190082644603
2015-10-01,3.01,3.796,2.89,-0.08500000000000041,-2.7463651050080906,-0.20000000000000018,-6.2305295950155815,-0.0940000000000003,-2.416452442159391,-0.23999999999999977,-5.946481665014861,-0.027499999999999858,-0.9425878320479815,-0.08599999999999985,-2.889784946236554
2015-11-01,3.1625,3.9425,2.995,0.1525000000000003,5.066445182724263,-0.02499999999999991,-0.7843137254901933,0.14650000000000007,3.8593256059009504,-0.05500000000000016,-1.3758599124452824,0.10499999999999998,3.633217993079584,-0.00749999999999984,-0.24979184013321698
2015-12-01,3.206,3.964,3.038,0.04349999999999987,1.3754940711462411,0.07799999999999985,2.493606138107412,0.021500000000000075,0.5453392517438193,0.10000000000000009,2.5879917184265033,0.042999999999999705,1.4357262103505746,0.05999999999999961,2.0147750167897787
2016-01-01,3.155,3.8725,2.9775,-0.051000000000000156,-1.5907673112913336,0.16999999999999993,5.695142378559462,-0.09149999999999991,-2.3082744702320865,0.20250000000000012,5.517711171662129,-0.060499999999999776,-1.9914417379855096,0.08499999999999996,2.9386343993085555
2016-02-01,2.96,3.66,2.83,-0.19499999999999984,-6.180665610142626,-0.047499999999999876,-1.5793848711554408,-0.2124999999999999,-5.487411233053581,-0.04999999999999982,-1.3477088948787015,-0.14749999999999996,-4.953820319059613,-0.10749999999999993,-3.659574468085104
2016-03-01,2.966,3.694,2.896,0.006000000000000227,0.2027027027027104,-0.07399999999999984,-2.434210526315784,0.03399999999999981,0.9289617486338745,-0.07600000000000007,-2.015915119363397,0.06599999999999984,2.3321554770317965,-0.06899999999999995,-2.3271500843170303
2016-04-01,2.87,3.605,2.8325,-0.09600000000000009,-3.23668240053945,-0.07200000000000006,-2.4473147518694787,-0.08899999999999997,-2.4093123984840275,-0.06700000000000017,-1.824618736383447,-0.06349999999999989,-2.192679558011046,-0.03149999999999986,-1.0998603351955258
2016-05-01,2.8425,3.6,2.8125,-0.027500000000000302,-0.9581881533101151,-0.2200000000000002,-7.183673469387762,-0.004999999999999893,-0.13869625520110662,-0.23999999999999977,-6.249999999999995,-0.020000000000000018,-0.7060900264783766,-0.08000000000000007,-2.7657735522904088
2016-06-01,2.842,3.568,2.776,-0.0004999999999997229,-0.01759014951626114,-0.3504999999999998,-10.97885669537979,-0.03200000000000003,-0.8888888888888896,-0.41449999999999987,-10.408035153797861,-0.0365000000000002,-1.2977777777777848,-0.21150000000000002,-7.079497907949792
2016-07-01,2.7475,3.44,2.75,-0.09450000000000003,-3.3251231527093603,-0.4664999999999999,-14.514623522090849,-0.1280000000000001,-3.587443946188344,-0.6060000000000003,-14.977755808205643,-0.0259999999999998,-0.9365994236311168,-0.20999999999999996,-7.094594594594593
2016-08-01,2.745,3.435,2.745,-0.0024999999999999467,-0.09099181073703173,-0.38249999999999984,-12.230215827338125,-0.004999999999999893,-0.14534883720929923,-0.46999999999999975,-12.035851472471185,-0.004999999999999893,-0.18181818181817794,-0.18500000000000005,-6.313993174061435
2016-09-01,2.756,3.46,2.814,0.010999999999999677,0.40072859744989714,-0.3390000000000004,-10.953150242326345,0.02499999999999991,0.7278020378457034,-0.43000000000000016,-11.053984575835479,0.06899999999999995,2.5136612021857903,-0.10349999999999993,-3.547557840616964
2016-10-01,2.7625,3.47,2.8275,0.006500000000000394,0.23584905660378794,-0.2474999999999996,-8.222591362126233,0.010000000000000231,0.2890173410404691,-0.3259999999999996,-8.587987355110634,0.013500000000000068,0.47974413646055675,-0.0625,-2.162629757785467
2016-11-01,3.0275,3.77,2.985,0.2649999999999997,9.592760180995462,-0.13500000000000023,-4.26877470355732,0.2999999999999998,8.64553314121037,-0.17249999999999988,-4.375396322130625,0.15749999999999975,5.57029177718832,-0.010000000000000231,-0.33388981636060866
2016-12-01,3.428,4.198,3.226,0.4005000000000001,13.228736581337742,0.22199999999999998,6.92451653150343,0.4280000000000004,11.352785145888603,0.23400000000000043,5.903128153380434,0.2410000000000001,8.073701842546068,0.18800000000000017,6.188281764318637
2017-01-01,3.3875,4.15,3.2425,-0.04049999999999976,-1.1814469078179628,0.23250000000000037,7.369255150554688,-0.04800000000000004,-1.1434016198189623,0.2775000000000003,7.165913492575863,0.01650000000000018,0.5114693118412952,0.2650000000000001,8.90008396305626
2017-02-01,3.38,4.1675,3.195,-0.007500000000000284,-0.22140221402214857,0.41999999999999993,14.189189189189186,0.01750000000000007,0.42168674698795344,0.5075000000000003,13.866120218579242,-0.04750000000000032,-1.4649190439475812,0.36499999999999977,12.897526501766777
2017-03-01,3.414,4.196,3.214,0.03400000000000025,1.005917159763321,0.44799999999999995,15.104517869184084,0.028499999999999304,0.6838632273545123,0.5019999999999998,13.58960476448294,0.019000000000000128,0.594679186228486,0.31800000000000006,10.980662983425416
2017-04-01,3.3,4.045,3.1475,-0.11400000000000032,-3.3391915641476366,0.4299999999999997,14.982578397212535,-0.1509999999999998,-3.5986653956148666,0.43999999999999995,12.20527045769764,-0.0665,-2.0690728064716866,0.31499999999999995,11.12091791703442
2017-05-01,3.255,4.01,3.1175,-0.04499999999999993,-1.3636363636363615,0.4125000000000001,14.511873350923487,-0.03500000000000014,-0.8652657601977787,0.4099999999999997,11.38888888888888,-0.029999999999999805,-0.9531374106433615,0.30500000000000016,10.84444444444445
2017-06-01,3.174,3.904,3.136,-0.08099999999999996,-2.48847926267281,0.33199999999999985,11.681914144968326,-0.10599999999999987,-2.6433915211970045,0.33599999999999985,9.41704035874439,0.01849999999999996,0.5934242181234951,0.3600000000000003,12.968299711815575
2017-07-01,3.235,3.9675,3.22,0.06099999999999994,1.9218651543793301,0.4874999999999998,17.743403093721557,0.06349999999999989,1.6265368852458988,0.5274999999999999,15.334302325581392,0.08400000000000007,2.678571428571431,0.4700000000000002,17.090909090909097
2017-08-01,3.16,3.88,3.152,-0.07499999999999973,-2.318392581143732,0.41500000000000004,15.118397085610201,-0.08749999999999991,-2.205419029615625,0.44499999999999984,12.954876273653563,-0.06800000000000006,-2.1118012422360266,0.40700000000000003,14.826958105646632
2017-09-01,3.105,3.805,3.1625,-0.05500000000000016,-1.740506329113929,0.3490000000000002,12.663280116110313,-0.07499999999999973,-1.9329896907216426,0.3450000000000002,9.971098265895959,0.010499999999999954,0.333121827411166,0.34850000000000003,12.38450604122246
2017-10-01,3.2,3.895,3.18,0.0950000000000002,3.059581320450892,0.4375,15.837104072398189,0.08999999999999986,2.36530880420499,0.4249999999999998,12.247838616714692,0.01750000000000007,0.5533596837944686,0.35250000000000004,12.466843501326261
2017-11-01,3.288,3.922,3.24,0.08799999999999963,2.7499999999999885,0.26049999999999995,8.604459124690338,0.027000000000000135,0.6931964056482705,0.15200000000000014,4.031830238726794,0.06000000000000005,1.8867924528301903,0.25500000000000034,8.542713567839208
2017-12-01,3.385,3.95,3.3925,0.09699999999999998,2.950121654501216,-0.04300000000000015,-1.2543757292882192,0.028000000000000025,0.7139214686384504,-0.24800000000000022,-5.9075750357313055,0.15249999999999986,4.706790123456785,0.1665000000000001,5.161190328580288
2018-01-01,3.4825,4.0325,3.4725,0.09750000000000014,2.8803545051698713,0.09499999999999975,2.8044280442804355,0.08249999999999957,2.0886075949366982,-0.1175000000000006,-2.8313253012048336,0.08000000000000007,2.358142962417099,0.22999999999999998,7.093292212798766
2018-02-01,3.785,4.33,3.595,0.3025000000000002,8.68628858578608,0.40500000000000025,11.982248520710066,0.2975000000000003,7.377557346559215,0.16249999999999964,3.8992201559687976,0.12250000000000005,3.527717782577395,0.40000000000000036,12.519561815336475
2018-03-01,3.91,4.444,3.652,0.125,3.302509907529722,0.496,14.528412419449326,0.11399999999999988,2.632794457274824,0.24800000000000022,5.910390848427079,0.05699999999999994,1.585535465924894,0.43800000000000017,13.627878033602991
2018-04-01,3.925,4.4675,3.66,0.01499999999999968,0.38363171355497905,0.625,18.939393939393938,0.0235000000000003,0.5288028802880356,0.4225000000000003,10.444993819530293,0.008000000000000007,0.21905805038335174,0.5125000000000002,16.28276409849087
2018-05-01,4.066,4.586,3.79,0.14100000000000001,3.5923566878980897,0.8109999999999999,24.915514592933945,0.11850000000000005,2.652490207050924,0.5760000000000005,14.364089775561112,0.1299999999999999,3.5519125683060078,0.6724999999999999,21.571772253408174
2018-06-01,4.04,4.57,3.8175,-0.0259999999999998,-0.6394490900147517,0.8660000000000001,27.284183994959044,-0.016000000000000014,-0.3488879197557787,0.6660000000000004,17.059426229508208,0.027499999999999858,0.7255936675461704,0.6814999999999998,21.731505102040806
2018-07-01,4.0075,4.5275,3.835,-0.03249999999999975,-0.8044554455445483,0.7725000000000004,23.87944358578054,-0.042500000000000426,-0.9299781181619348,0.56,14.114681789540015,0.01750000000000007,0.4584151931892618,0.6149999999999998,19.09937888198757
2018-08-01,4.018,4.55,3.874,0.01049999999999951,0.26200873362444194,0.8579999999999997,27.151898734177205,0.022499999999999964,0.49696300386526704,0.6699999999999999,17.2680412371134,0.039000000000000146,1.0169491525423766,0.722,22.906091370558375
2018-09-01,4.08,4.6275,3.9375,0.06200000000000028,1.5430562468890063,0.9750000000000001,31.40096618357488,0.07750000000000057,1.703296703296716,0.8225000000000002,21.616294349540084,0.06349999999999989,1.639132679401133,0.7749999999999999,24.505928853754938
2018-10-01,4.2475,4.83,4.08,0.16749999999999954,4.105392156862734,1.0474999999999994,32.734374999999986,0.20249999999999968,4.376012965964336,0.935,24.005134788189988,0.14250000000000007,3.619047619047621,0.8999999999999999,28.301886792452823
2018-11-01,4.282,4.866,4.106,0.03450000000000042,0.8122424955856485,0.9940000000000002,30.231143552311444,0.03599999999999959,0.7453416149068238,0.9439999999999995,24.069352371239148,0.0259999999999998,0.6372549019607795,0.8659999999999997,26.72839506172838
2018-12-01,4.09,4.6375,4.0225,-0.19200000000000017,-4.483886034563292,0.7050000000000001,20.82717872968981,-0.22849999999999948,-4.695848746403606,0.6875,17.40506329113924,-0.08349999999999991,-2.0336093521675576,0.6299999999999999,18.57037582903463
2019-01-01,3.906,4.464,3.908,-0.18399999999999972,-4.498777506112463,0.4235000000000002,12.160804020100509,-0.17349999999999977,-3.741239892183283,0.43150000000000066,10.700557966522025,-0.11450000000000005,-2.8464885021752653,0.4354999999999998,12.541396688264934
2019-02-01,3.8,4.37,3.8675,-0.10600000000000032,-2.713773681515625,0.01499999999999968,0.39630118890355825,-0.0940000000000003,-2.1057347670250963,0.040000000000000036,0.9237875288683611,-0.04049999999999976,-1.0363357215967186,0.27249999999999996,7.579972183588316
2019-03-01,3.7175,4.265,3.825,-0.08250000000000002,-2.171052631578948,-0.19250000000000034,-4.923273657289011,-0.10500000000000043,-2.4027459954233508,-0.17900000000000027,-4.027902790279033,-0.04249999999999998,-1.0989010989010985,0.17300000000000004,4.737130339539979
2019-04-01,3.605,4.1425,3.7525,-0.11249999999999982,-3.0262273032952205,-0.31999999999999984,-8.152866242038213,-0.12249999999999961,-2.8722157092614213,-0.3250000000000002,-7.274762171236714,-0.07250000000000023,-1.8954248366013133,0.0924999999999998,2.527322404371579
2019-05-01,3.534,4.072,3.65,-0.07100000000000017,-1.9694868238557608,-0.532,-13.08411214953271,-0.07050000000000001,-1.7018708509354257,-0.5140000000000002,-11.208024422154388,-0.10250000000000004,-2.73151232511659,-0.14000000000000012,-3.69393139841689
2019-06-01,3.2375,3.8025,3.475,-0.2965,-8.389926428975665,-0.8025000000000002,-19.863861386138616,-0.26949999999999985,-6.618369351669938,-0.7675000000000001,-16.794310722100658,-0.17499999999999982,-4.794520547945201,-0.3424999999999998,-8.971840209561226
2019-07-01,3.2025,3.765,3.465,-0.0349999999999997,-1.0810810810810718,-0.8050000000000002,-20.087336244541486,-0.03750000000000009,-0.9861932938856038,-0.7624999999999997,-16.841524019878516,-0.010000000000000231,-0.2877697841726685,-0.3700000000000001,-9.647979139504566
2019-08-01,3.082,3.616,3.36,-0.12050000000000027,-3.7626854020296725,-0.9359999999999999,-23.295171727227476,-0.14900000000000002,-3.9575033200531213,-0.9339999999999997,-20.527472527472522,-0.10499999999999998,-3.03030303030303,-0.5140000000000002,-13.267940113577703
2019-09-01,3.115,3.605,3.3825,0.03300000000000036,1.0707332900713942,-0.9649999999999999,-23.651960784313722,-0.01100000000000012,-0.3042035398230122,-1.0225000000000004,-22.09616423554836,0.022499999999999964,0.6696428571428561,-0.5550000000000002,-14.0952380952381
2019-10-01,3.142,3.688,3.382,0.02699999999999969,0.8667736757624299,-1.1054999999999997,-26.02707474985285,0.08300000000000018,2.302357836338424,-1.142,-23.64389233954451,-0.0004999999999997229,-0.014781966001470005,-0.698,-17.1078431372549
2019-11-01,3.1575,3.695,3.4125,0.015500000000000291,0.49331635900701115,-1.1244999999999998,-26.26109294722092,0.006999999999999673,0.18980477223426445,-1.1709999999999998,-24.064940402794903,0.03049999999999997,0.9018332347723232,-0.6934999999999998,-16.889917194349728
2019-12-01,3.1775,3.72,3.3925,0.020000000000000018,0.633412509897071,-0.9124999999999996,-22.310513447432754,0.025000000000000355,0.6765899864682099,-0.9175,-19.784366576819405,-0.020000000000000018,-0.5860805860805866,-0.6299999999999999,-15.661901802361713
2020-01-01,3.072,3.624,3.334,-0.10550000000000015,-3.3202202989771874,-0.8340000000000001,-21.351766513056837,-0.09600000000000009,-2.5806451612903247,-0.8400000000000003,-18.817204301075275,-0.058499999999999996,-1.7243920412675018,-0.5739999999999998,-14.687819856704193
2020-02-01,2.97,3.465,3.2625,-0.10199999999999987,-3.320312499999996,-0.8299999999999996,-21.842105263157883,-0.15900000000000025,-4.387417218543053,-0.9050000000000002,-20.709382151029754,-0.0714999999999999,-2.1445710857828404,-0.605,-15.643180349062701
2020-03-01,2.885,3.45,3.16,-0.08500000000000041,-2.861952861952876,-0.8325,-22.39408204438467,-0.01499999999999968,-0.4329004329004237,-0.8149999999999995,-19.10902696365767,-0.10250000000000004,-3.141762452107281,-0.665,-17.38562091503268
2020-04-01,2.804,3.306,3.312,-0.08099999999999996,-2.807625649913344,-0.8010000000000002,-22.21914008321776,-0.14400000000000013,-4.173913043478264,-0.8365,-20.19312009656005,0.1519999999999997,4.810126582278471,-0.4405000000000001,-11.738840772818124
2020-05-01,2.6925,3.2325,3.1625,-0.11149999999999993,-3.9764621968616245,-0.8414999999999999,-23.811544991511035,-0.07350000000000012,-2.2232304900181523,-0.8395000000000001,-20.616404715127704,-0.14949999999999974,-4.513888888888881,-0.4874999999999998,-13.356164383561639
2020-06-01,2.6025,3.1625,3.0925,-0.08999999999999986,-3.342618384401109,-0.6349999999999998,-19.61389961389961,-0.06999999999999984,-2.165506573859237,-0.6400000000000001,-16.831032215647603,-0.07000000000000028,-2.2134387351778746,-0.3825000000000003,-11.007194244604324
2020-07-01,2.52,3.016,3.022,-0.08250000000000002,-3.170028818443805,-0.6825000000000001,-21.311475409836067,-0.14650000000000007,-4.632411067193678,-0.7490000000000001,-19.893758300132806,-0.07050000000000001,-2.279708973322555,-0.44300000000000006,-12.784992784992788
2020-08-01,2.475,2.935,2.905,-0.04499999999999993,-1.785714285714283,-0.6069999999999998,-19.69500324464633,-0.08099999999999996,-2.685676392572943,-0.681,-18.832964601769913,-0.11699999999999999,-3.871608206485771,-0.45500000000000007,-13.541666666666668
2020-09-01,2.385,2.89,2.975,-0.0900000000000003,-3.6363636363636487,-0.7300000000000004,-23.43499197431783,-0.04499999999999993,-1.5332197614991459,-0.7149999999999999,-19.833564493758665,0.07000000000000028,2.4096385542168774,-0.40749999999999975,-12.047302291204723
2020-10-01,2.346,2.834,2.888,-0.0389999999999997,-1.635220125786151,-0.7959999999999998,-25.3341820496499,-0.05600000000000005,-1.93771626297578,-0.8540000000000001,-23.156182212581346,-0.08700000000000019,-2.9243697478991657,-0.4940000000000002,-14.606741573033712
2020-11-01,2.305,2.765,3.0025,-0.040999999999999925,-1.7476555839727164,-0.8525,-26.999208234362627,-0.06899999999999995,-2.43472124206069,-0.9299999999999997,-25.169147496617043,0.11450000000000005,3.964681440443215,-0.41000000000000014,-12.01465201465202
2020-12-01,2.218,2.684,2.788,-0.08700000000000019,-3.774403470715843,-0.9595000000000002,-30.196695515342252,-0.08099999999999996,-2.9294755877034344,-1.036,-27.8494623655914,-0.21450000000000014,-7.144046627810163,-0.6045000000000003,-17.818717759764194
