DATE,5yr_Maturity,5yr_Maturity Mon_Chg,5yr_Maturity Per_Mon_Chg,5yr_Maturity Yr_Chg,5yr_Maturity Per_Yr_Chg,10yr_Maturity,10yr_Maturity Mon_Chg,10yr_Maturity Per_Mon_Chg,10yr_Maturity Yr_Chg,10yr_Maturity Per_Yr_Chg,30yr_Maturity,30yr_Maturity Mon_Chg,30yr_Maturity Per_Mon_Chg,30yr_Maturity Yr_Chg,30yr_Maturity Per_Yr_Chg
2000-01-01,6.58,0.0,0.0,,,6.68,0.0,0.0,,,6.63,0.0,0.0,,
2000-02-01,6.68,0.0999999999999996,1.5197568389057698,,,6.42,-0.2599999999999998,-3.892215568862272,,,6.23,-0.3999999999999994,-6.033182503770731,,
2000-03-01,6.5,-0.1799999999999997,-2.694610778443109,,,6.03,-0.3899999999999997,-6.074766355140183,,,6.05,-0.1800000000000006,-2.889245585874809,,
2000-04-01,6.26,-0.2400000000000002,-3.692307692307696,,,6.23,0.2000000000000001,3.316749585406305,,,5.85,-0.2000000000000001,-3.305785123966945,,
2000-05-01,6.69,0.4300000000000006,6.869009584664547,,,6.29,0.0599999999999996,0.9630818619582602,,,6.15,0.3000000000000007,5.12820512820514,,
2000-06-01,6.3,-0.3900000000000005,-5.829596412556063,,,6.03,-0.2599999999999998,-4.133545310015895,,,5.93,-0.2200000000000006,-3.5772357723577333,,
2000-07-01,6.18,-0.1200000000000001,-1.9047619047619069,,,6.04,0.0099999999999997,0.1658374792703115,,,5.85,-0.08,-1.349072512647556,,
2000-08-01,6.06,-0.1200000000000001,-1.941747572815536,,,5.73,-0.3099999999999996,-5.132450331125821,,,5.72,-0.1299999999999999,-2.2222222222222205,,
2000-09-01,5.93,-0.1299999999999999,-2.145214521452144,,,5.8,0.0699999999999994,1.221640488656185,,,5.83,0.1100000000000003,1.923076923076929,,
2000-10-01,5.78,-0.1499999999999994,-2.5295109612141564,,,5.77,-0.0300000000000002,-0.5172413793103492,,,5.8,-0.0300000000000002,-0.514579759862783,,
2000-11-01,5.7,-0.08,-1.3840830449827002,,,5.48,-0.2899999999999991,-5.025996533795479,,,5.78,-0.0199999999999995,-0.3448275862068892,,
2000-12-01,5.17,-0.5300000000000002,-9.29824561403509,,,5.12,-0.3600000000000003,-6.569343065693436,,,5.49,-0.29,-5.017301038062285,,
2001-01-01,4.86,-0.3099999999999996,-5.996131528046414,-1.7199999999999998,-26.13981762917933,5.19,0.0700000000000002,1.3671875000000056,-1.489999999999999,-22.30538922155688,5.54,0.0499999999999998,0.9107468123861534,-1.09,-16.440422322775262
2001-02-01,4.89,0.0299999999999993,0.6172839506172707,-1.79,-26.796407185628745,4.92,-0.2700000000000004,-5.202312138728332,-1.5,-23.36448598130841,5.45,-0.0899999999999998,-1.6245487364620912,-0.7800000000000002,-12.520064205457468
2001-03-01,4.64,-0.25,-5.112474437627812,-1.8600000000000003,-28.61538461538462,4.93,0.0099999999999997,0.2032520325203209,-1.1000000000000003,-18.24212271973467,5.34,-0.1100000000000003,-2.0183486238532167,-0.71,-11.735537190082644
2001-04-01,4.76,0.1200000000000001,2.5862068965517264,-1.5,-23.961661341853038,5.35,0.4199999999999999,8.519269776876266,-0.8800000000000008,-14.125200642054589,5.65,0.3100000000000005,5.805243445692893,-0.1999999999999993,-3.4188034188034067
2001-05-01,4.93,0.1699999999999999,3.57142857142857,-1.760000000000001,-26.30792227204784,5.43,0.08,1.4953271028037398,-0.8600000000000003,-13.672496025437203,5.78,0.1299999999999999,2.30088495575221,-0.3700000000000001,-6.016260162601627
2001-06-01,4.81,-0.1200000000000001,-2.4340770791075075,-1.4900000000000002,-23.650793650793656,5.42,-0.0099999999999997,-0.1841620626150973,-0.6100000000000003,-10.116086235489226,5.67,-0.1100000000000003,-1.9031141868512167,-0.2599999999999998,-4.38448566610455
2001-07-01,4.76,-0.0499999999999998,-1.039501039501036,-1.42,-22.97734627831715,5.07,-0.3499999999999996,-6.457564575645749,-0.9699999999999998,-16.059602649006617,5.61,-0.0599999999999996,-1.0582010582010517,-0.2399999999999993,-4.102564102564092
2001-08-01,4.57,-0.1899999999999995,-3.991596638655452,-1.489999999999999,-24.587458745874574,4.85,-0.2200000000000006,-4.339250493096659,-0.8800000000000008,-15.357766143106469,5.48,-0.1299999999999999,-2.317290552584668,-0.2399999999999993,-4.195804195804184
2001-09-01,4.12,-0.4500000000000002,-9.846827133479216,-1.81,-30.522765598650924,4.6,-0.25,-5.154639175257732,-1.2000000000000002,-20.6896551724138,5.48,0.0,0.0,-0.3499999999999996,-6.003430531732413
2001-10-01,3.91,-0.2099999999999999,-5.097087378640776,-1.87,-32.35294117647059,4.3,-0.2999999999999998,-6.52173913043478,-1.4699999999999998,-25.47660311958405,5.32,-0.1600000000000001,-2.9197080291970825,-0.4799999999999995,-8.27586206896551
2001-11-01,3.97,0.06,1.5345268542199502,-1.73,-30.350877192982452,4.78,0.4800000000000004,11.16279069767443,-0.7000000000000002,-12.773722627737229,5.12,-0.2000000000000001,-3.7593984962406046,-0.6600000000000001,-11.418685121107268
2001-12-01,4.39,0.4199999999999995,10.579345088161196,-0.7800000000000002,-15.08704061895552,5.07,0.29,6.066945606694561,-0.0499999999999998,-0.9765624999999966,5.48,0.3600000000000003,7.031250000000005,-0.0099999999999997,-0.1821493624772274
2002-01-01,4.34,-0.0499999999999998,-1.1389521640091078,-0.5200000000000005,-10.699588477366264,5.07,0.0,0.0,-0.1200000000000001,-2.3121387283237014,5.45,-0.0300000000000002,-0.5474452554744571,-0.0899999999999998,-1.6245487364620912
2002-02-01,4.3,-0.04,-0.921658986175116,-0.5899999999999999,-12.065439672801634,4.88,-0.1900000000000004,-3.747534516765293,-0.04,-0.8130081300813016,5.45,0.0,0.0,0.0,0.0
2002-03-01,4.74,0.4400000000000004,10.232558139534891,0.1000000000000005,2.155172413793115,5.42,0.54,11.065573770491804,0.4900000000000002,9.939148073022318,5.81,0.3599999999999994,6.605504587155952,0.4699999999999997,8.80149812734082
2002-04-01,4.65,-0.0899999999999998,-1.898734177215187,-0.1099999999999994,-2.3109243697478874,5.11,-0.3099999999999996,-5.719557195571948,-0.2399999999999993,-4.485981308411203,5.79,-0.0199999999999995,-0.3442340791738308,0.1399999999999996,2.4778761061946843
2002-05-01,4.49,-0.1600000000000001,-3.440860215053766,-0.4399999999999995,-8.924949290060843,5.08,-0.0300000000000002,-0.5870841487279892,-0.3499999999999996,-6.445672191528538,5.76,-0.0300000000000002,-0.518134715025911,-0.0200000000000004,-0.3460207612456827
2002-06-01,4.19,-0.2999999999999998,-6.681514476614694,-0.6199999999999992,-12.889812889812871,4.86,-0.2199999999999997,-4.330708661417318,-0.5599999999999996,-10.332103321033204,5.68,-0.08,-1.3888888888888902,0.0099999999999997,0.1763668430335059
2002-07-01,3.81,-0.3800000000000003,-9.0692124105012,-0.9499999999999996,-19.957983193277308,4.51,-0.3500000000000005,-7.2016460905349895,-0.5600000000000005,-11.045364891518746,5.59,-0.0899999999999998,-1.5845070422535186,-0.0200000000000004,-0.3565062388591882
2002-08-01,3.29,-0.52,-13.648293963254591,-1.2800000000000002,-28.008752735229763,4.14,-0.3700000000000001,-8.203991130820402,-0.71,-14.63917525773196,5.28,-0.3099999999999996,-5.545617173524144,-0.2000000000000001,-3.6496350364963535
2002-09-01,2.94,-0.3500000000000001,-10.638297872340427,-1.1800000000000002,-28.64077669902913,3.63,-0.5099999999999998,-12.31884057971014,-0.9699999999999998,-21.086956521739125,4.96,-0.3200000000000003,-6.060606060606066,-0.5200000000000005,-9.489051094890518
2002-10-01,2.95,0.0100000000000002,0.3401360544217766,-0.96,-24.552429667519178,3.93,0.3000000000000002,8.264462809917363,-0.3699999999999996,-8.60465116279069,5.18,0.2199999999999997,4.435483870967737,-0.1400000000000005,-2.6315789473684315
2002-11-01,3.05,0.0999999999999996,3.389830508474564,-0.9200000000000004,-23.17380352644837,4.22,0.2899999999999996,7.37913486005088,-0.5600000000000005,-11.715481171548127,5.18,0.0,0.0,0.0599999999999996,1.1718749999999925
2002-12-01,3.03,-0.02,-0.6557377049180334,-1.36,-30.979498861047837,3.83,-0.3899999999999997,-9.241706161137431,-1.2400000000000002,-24.457593688362923,5.13,-0.0499999999999998,-0.965250965250962,-0.3500000000000005,-6.386861313868622
2003-01-01,3.05,0.02,0.6600660066006607,-1.29,-29.72350230414747,4.0,0.1699999999999999,4.438642297650128,-1.0700000000000005,-21.10453648915188,5.14,0.0099999999999997,0.1949317738791381,-0.3100000000000005,-5.688073394495421
2003-02-01,2.9,-0.1499999999999999,-4.918032786885243,-1.4,-32.558139534883715,3.71,-0.29,-7.250000000000001,-1.17,-23.975409836065573,5.02,-0.1200000000000001,-2.3346303501945544,-0.4300000000000006,-7.889908256880744
2003-03-01,2.78,-0.1200000000000001,-4.137931034482762,-1.9600000000000004,-41.35021097046414,3.83,0.1200000000000001,3.234501347708898,-1.59,-29.33579335793357,5.03,0.0100000000000006,0.1992031872510095,-0.7799999999999994,-13.42512908777968
2003-04-01,2.93,0.1500000000000003,5.395683453237423,-1.7200000000000002,-36.98924731182796,3.89,0.06,1.5665796344647531,-1.2200000000000002,-23.874755381604697,5.13,0.0999999999999996,1.9880715705765333,-0.6600000000000001,-11.398963730569951
2003-05-01,2.52,-0.4100000000000001,-13.99317406143345,-1.97,-43.87527839643653,3.37,-0.52,-13.367609254498714,-1.71,-33.661417322834644,4.76,-0.3700000000000001,-7.212475633528268,-1.0,-17.36111111111111
2003-06-01,2.27,-0.25,-9.92063492063492,-1.9200000000000004,-45.82338902147971,3.54,0.1699999999999999,5.044510385756674,-1.3200000000000005,-27.160493827160497,4.62,-0.1399999999999996,-2.941176470588229,-1.0599999999999996,-18.66197183098591
2003-07-01,2.87,0.6000000000000001,26.43171806167401,-0.94,-24.671916010498684,4.49,0.9500000000000002,26.8361581920904,-0.0199999999999995,-0.4434589800443364,5.13,0.5099999999999998,11.038961038961034,-0.4599999999999999,-8.228980322003578
2003-08-01,3.37,0.5,17.421602787456443,0.08,2.4316109422492422,4.45,-0.04,-0.8908685968819607,0.3100000000000005,7.4879227053140225,5.45,0.3200000000000003,6.23781676413256,0.1699999999999999,3.2196969696969684
2003-09-01,3.18,-0.1899999999999999,-5.637982195845695,0.2400000000000002,8.163265306122456,3.96,-0.4900000000000002,-11.011235955056184,0.33,9.090909090909092,5.28,-0.1699999999999999,-3.11926605504587,0.3200000000000003,6.451612903225811
2003-10-01,3.19,0.0099999999999997,0.3144654088050247,0.2399999999999997,8.135593220338974,4.33,0.3700000000000001,9.343434343434346,0.3999999999999999,10.178117048346056,5.3,0.0199999999999995,0.3787878787878707,0.1200000000000001,2.316602316602319
2003-11-01,3.29,0.1,3.134796238244517,0.2400000000000002,7.868852459016401,4.34,0.0099999999999997,0.2309468822170851,0.1200000000000001,2.8436018957346,5.25,-0.0499999999999998,-0.943396226415091,0.0700000000000002,1.351351351351357
2003-12-01,3.27,-0.02,-0.6079027355623106,0.2400000000000002,7.920792079207928,4.27,-0.0700000000000002,-1.6129032258064582,0.4399999999999995,11.4882506527415,5.21,-0.04,-0.7619047619047626,0.08,1.55945419103314
2004-01-01,3.12,-0.1499999999999999,-4.58715596330275,0.0700000000000002,2.2950819672131244,4.16,-0.1099999999999994,-2.576112412177973,0.1600000000000001,4.000000000000004,5.13,-0.08,-1.5355086372360858,-0.0099999999999997,-0.1945525291828752
2004-02-01,3.07,-0.0500000000000002,-1.602564102564111,0.1699999999999999,5.862068965517239,3.99,-0.1699999999999999,-4.08653846153846,0.2800000000000002,7.547169811320761,5.08,-0.0499999999999998,-0.974658869395708,0.0600000000000005,1.195219123505986
2004-03-01,2.79,-0.2799999999999998,-9.120521172638432,0.0100000000000002,0.3597122302158357,3.86,-0.1300000000000003,-3.2581453634085293,0.0299999999999998,0.7832898172323709,4.9,-0.1799999999999997,-3.543307086614168,-0.1299999999999999,-2.5844930417495005
2004-04-01,3.39,0.6000000000000001,21.505376344086024,0.4599999999999999,15.69965870307167,4.53,0.6700000000000004,17.357512953367884,0.6400000000000001,16.452442159383036,5.28,0.3799999999999999,7.755102040816324,0.1500000000000003,2.9239766081871417
2004-05-01,3.85,0.4599999999999999,13.569321533923304,1.33,52.77777777777778,4.66,0.1299999999999999,2.8697571743929338,1.29,38.27893175074184,5.51,0.2299999999999995,4.3560606060605975,0.75,15.756302521008402
2004-06-01,3.93,0.08,2.0779220779220795,1.66,73.12775330396477,4.62,-0.04,-0.858369098712447,1.08,30.508474576271187,5.48,-0.0299999999999993,-0.5444646098003514,0.8600000000000003,18.61471861471862
2004-07-01,3.69,-0.2400000000000002,-6.106870229007639,0.8199999999999998,28.57142857142857,4.5,-0.1200000000000001,-2.5974025974026,0.0099999999999997,0.2227171492204852,5.31,-0.1700000000000008,-3.102189781021913,0.1799999999999997,3.5087719298245554
2004-08-01,3.47,-0.2199999999999997,-5.962059620596199,0.1,2.9673590504451064,4.13,-0.3700000000000001,-8.222222222222225,-0.3200000000000003,-7.191011235955062,5.15,-0.1599999999999992,-3.013182674199609,-0.2999999999999998,-5.5045871559633
2004-09-01,3.36,-0.1100000000000003,-3.170028818443813,0.1799999999999997,5.660377358490557,4.14,0.0099999999999997,0.2421307506053217,0.1799999999999997,4.545454545454539,4.98,-0.1699999999999999,-3.300970873786406,-0.2999999999999998,-5.681818181818178
2004-10-01,3.35,-0.0099999999999997,-0.2976190476190413,0.1600000000000001,5.015673981191227,4.05,-0.0899999999999998,-2.1739130434782576,-0.2800000000000002,-6.466512702078528,4.94,-0.04,-0.8032128514056232,-0.3599999999999994,-6.79245283018867
2004-11-01,3.53,0.1799999999999997,5.3731343283582005,0.2399999999999997,7.294832826747713,4.36,0.3100000000000005,7.654320987654334,0.0200000000000004,0.4608294930875682,4.95,0.0099999999999997,0.2024291497975665,-0.2999999999999998,-5.714285714285711
2004-12-01,3.6,0.0700000000000002,1.9830028328611984,0.33,10.091743119266058,4.24,-0.1200000000000001,-2.752293577981653,-0.0299999999999993,-0.7025761124121631,4.91,-0.04,-0.8080808080808087,-0.2999999999999998,-5.758157389635313
2005-01-01,3.71,0.1099999999999998,3.055555555555552,0.5899999999999999,18.910256410256405,4.14,-0.1000000000000005,-2.358490566037748,-0.0200000000000004,-0.4807692307692419,4.77,-0.1400000000000005,-2.851323828920582,-0.3600000000000003,-7.0175438596491295
2005-02-01,3.77,0.06,1.617250673854449,0.7000000000000002,22.801302931596094,4.36,0.2200000000000006,5.314009661835764,0.3700000000000001,9.273182957393486,4.56,-0.2099999999999999,-4.40251572327044,-0.5200000000000005,-10.236220472440955
2005-03-01,4.17,0.3999999999999999,10.610079575596815,1.38,49.46236559139784,4.5,0.1399999999999996,3.21100917431192,0.6400000000000001,16.580310880829018,4.77,0.2099999999999999,4.605263157894736,-0.1300000000000007,-2.653061224489812
2005-04-01,4.0,-0.1699999999999999,-4.0767386091127085,0.6099999999999999,17.994100294985245,4.21,-0.29,-6.4444444444444455,-0.3200000000000003,-7.064017660044156,4.65,-0.1199999999999992,-2.5157232704402355,-0.6299999999999999,-11.93181818181818
2005-05-01,3.85,-0.1499999999999999,-3.749999999999998,0.0,0.0,4.0,-0.2099999999999999,-4.988123515439429,-0.6600000000000001,-14.163090128755368,4.49,-0.1600000000000001,-3.440860215053766,-1.0199999999999996,-18.511796733212336
2005-06-01,3.77,-0.08,-2.0779220779220795,-0.1600000000000001,-4.071246819338426,3.94,-0.06,-1.500000000000001,-0.6800000000000002,-14.718614718614722,4.28,-0.2099999999999999,-4.677060133630288,-1.2000000000000002,-21.897810218978105
2005-07-01,3.98,0.2099999999999999,5.570291777188328,0.29,7.859078590785909,4.28,0.3400000000000003,8.62944162436549,-0.2199999999999997,-4.888888888888884,4.38,0.0999999999999996,2.3364485981308327,-0.9299999999999996,-17.514124293785308
2005-08-01,4.12,0.1400000000000001,3.517587939698496,0.6499999999999999,18.73198847262248,4.02,-0.2600000000000007,-6.074766355140202,-0.1100000000000003,-2.6634382566586035,4.44,0.0600000000000005,1.3698630136986416,-0.71,-13.786407766990289
2005-09-01,4.01,-0.1100000000000003,-2.669902912621367,0.6499999999999999,19.34523809523809,4.34,0.3200000000000003,7.9601990049751326,0.2000000000000001,4.83091787439614,4.45,0.0099999999999997,0.2252252252252204,-0.5300000000000002,-10.642570281124502
2005-10-01,4.33,0.3200000000000003,7.980049875311729,0.98,29.25373134328358,4.57,0.2300000000000004,5.299539170506922,0.5200000000000005,12.83950617283952,4.64,0.1899999999999995,4.269662921348303,-0.3000000000000007,-6.072874493927139
2005-11-01,4.45,0.1200000000000001,2.7713625866050835,0.9200000000000004,26.062322946175648,4.49,-0.08,-1.7505470459518613,0.1299999999999999,2.9816513761467864,4.7,0.0600000000000005,1.2931034482758728,-0.25,-5.05050505050505
2005-12-01,4.39,-0.0600000000000005,-1.348314606741584,0.7899999999999996,21.944444444444432,4.39,-0.1000000000000005,-2.227171492204912,0.1499999999999994,3.5377358490565918,4.62,-0.08,-1.7021276595744694,-0.29,-5.906313645621182
2006-01-01,4.35,-0.04,-0.9111617312072902,0.6399999999999997,17.25067385444743,4.53,0.1400000000000005,3.189066059225526,0.3900000000000005,9.420289855072475,4.57,-0.0499999999999998,-1.0822510822510785,-0.1999999999999993,-4.192872117400405
2006-02-01,4.57,0.2200000000000006,5.057471264367831,0.8000000000000003,21.22015915119364,4.55,0.0199999999999995,0.4415011037527499,0.1899999999999995,4.357798165137603,4.57,0.0,0.0,0.0100000000000006,0.2192982456140499
2006-03-01,4.72,0.1499999999999994,3.282275711159725,0.5499999999999998,13.189448441247,4.86,0.3100000000000005,6.813186813186825,0.3600000000000003,8.000000000000007,4.73,0.1600000000000001,3.5010940919037226,-0.0399999999999991,-0.8385744234800661
2006-04-01,4.9,0.1800000000000006,3.8135593220339112,0.9000000000000004,22.500000000000007,5.07,0.2099999999999999,4.320987654320986,0.8600000000000003,20.42755344418053,5.06,0.3299999999999992,6.976744186046494,0.4099999999999992,8.817204301075252
2006-05-01,5.0,0.0999999999999996,2.0408163265306047,1.15,29.87012987012987,5.12,0.0499999999999998,0.986193293885598,1.12,28.000000000000004,5.2,0.1400000000000005,2.766798418972344,0.71,15.812917594654788
2006-06-01,5.07,0.0700000000000002,1.4000000000000057,1.3000000000000005,34.482758620689665,5.15,0.0300000000000002,0.5859375000000049,1.2100000000000004,30.710659898477168,5.15,-0.0499999999999998,-0.961538461538458,0.8700000000000001,20.32710280373832
2006-07-01,5.04,-0.0300000000000002,-0.5917159763313657,1.06,26.633165829145728,4.99,-0.1600000000000001,-3.106796116504857,0.71,16.588785046728972,5.13,-0.0200000000000004,-0.3883495145631158,0.75,17.123287671232877
2006-08-01,4.82,-0.2199999999999997,-4.36507936507936,0.7000000000000002,16.990291262135926,4.74,-0.25,-5.01002004008016,0.7200000000000006,17.91044776119405,5.0,-0.1299999999999999,-2.534113060428848,0.5599999999999996,12.612612612612605
2006-09-01,4.67,-0.1500000000000003,-3.112033195020754,0.6600000000000001,16.45885286783043,4.64,-0.1000000000000005,-2.109704641350222,0.2999999999999998,6.91244239631336,4.85,-0.1500000000000003,-3.000000000000007,0.3999999999999994,8.988764044943807
2006-10-01,4.69,0.0200000000000004,0.4282655246252775,0.3600000000000003,8.31408775981525,4.61,-0.0299999999999993,-0.6465517241379173,0.04,0.8752735229759306,4.85,0.0,0.0,0.2099999999999999,4.525862068965517
2006-11-01,4.58,-0.1100000000000003,-2.345415778251606,0.1299999999999999,2.921348314606739,4.46,-0.1500000000000003,-3.253796095444693,-0.0300000000000002,-0.6681514476614754,4.69,-0.1599999999999992,-3.298969072164933,-0.0099999999999997,-0.2127659574468039
2006-12-01,4.53,-0.0499999999999998,-1.091703056768555,0.1400000000000005,3.189066059225526,4.71,0.25,5.605381165919283,0.3200000000000003,7.289293849658321,4.68,-0.0100000000000006,-0.2132196162047052,0.0599999999999996,1.2987012987012905
2007-01-01,4.75,0.2199999999999997,4.856512141280348,0.4000000000000003,9.195402298850585,4.83,0.1200000000000001,2.5477707006369448,0.2999999999999998,6.622516556291387,4.85,0.1699999999999999,3.632478632478632,0.2799999999999993,6.126914660831496
2007-02-01,4.71,-0.04,-0.8421052631578954,0.1399999999999996,3.063457330415748,4.56,-0.2700000000000004,-5.590062111801252,0.0099999999999997,0.219780219780215,4.82,-0.0299999999999993,-0.6185567010309148,0.25,5.470459518599562
2007-03-01,4.48,-0.2299999999999995,-4.883227176220797,-0.2399999999999993,-5.08474576271185,4.65,0.0900000000000007,1.9736842105263324,-0.2099999999999999,-4.320987654320986,4.72,-0.1000000000000005,-2.0746887966805088,-0.0100000000000006,-0.2114164904862721
2007-04-01,4.59,0.1099999999999994,2.45535714285713,-0.3100000000000005,-6.326530612244907,4.63,-0.0200000000000004,-0.4301075268817303,-0.4400000000000004,-8.678500986193301,4.87,0.1500000000000003,3.1779661016949228,-0.1899999999999995,-3.754940711462441
2007-05-01,4.67,0.08,1.7429193899782152,-0.33,-6.600000000000001,4.9,0.2700000000000004,5.831533477321824,-0.2199999999999997,-4.296874999999996,4.9,0.0300000000000002,0.6160164271047278,-0.2999999999999998,-5.769230769230766
2007-06-01,5.03,0.3600000000000003,7.708779443254825,-0.04,-0.788954635108482,5.03,0.1299999999999999,2.653061224489793,-0.1200000000000001,-2.3300970873786424,5.2,0.2999999999999998,6.122448979591832,0.0499999999999998,0.9708737864077636
2007-07-01,4.88,-0.1500000000000003,-2.982107355864818,-0.1600000000000001,-3.174603174603177,4.78,-0.25,-4.970178926441352,-0.2099999999999999,-4.208416833667334,5.11,-0.0899999999999998,-1.7307692307692282,-0.0199999999999995,-0.3898635477582763
2007-08-01,4.43,-0.4500000000000002,-9.22131147540984,-0.3900000000000005,-8.091286307053954,4.54,-0.2400000000000002,-5.020920502092054,-0.2000000000000001,-4.2194092827004255,4.93,-0.1800000000000006,-3.522504892367918,-0.0700000000000002,-1.4000000000000057
2007-09-01,4.2,-0.2299999999999995,-5.191873589164776,-0.4699999999999997,-10.064239828693786,4.59,0.0499999999999998,1.1013215859030798,-0.0499999999999998,-1.077586206896548,4.79,-0.1399999999999996,-2.839756592292083,-0.0599999999999996,-1.2371134020618475
2007-10-01,4.2,0.0,0.0,-0.4900000000000002,-10.447761194029855,4.48,-0.1099999999999994,-2.396514161220032,-0.1299999999999999,-2.819956616052058,4.77,-0.0200000000000004,-0.4175365344467737,-0.08,-1.6494845360824757
2007-11-01,3.67,-0.5300000000000002,-12.619047619047624,-0.91,-19.868995633187776,3.97,-0.5100000000000002,-11.383928571428577,-0.4899999999999997,-10.986547085201789,4.52,-0.25,-5.241090146750524,-0.1700000000000008,-3.624733475479761
2007-12-01,3.49,-0.1799999999999997,-4.904632152588548,-1.04,-22.958057395143488,4.04,0.0699999999999998,1.7632241813601974,-0.6699999999999999,-14.225053078556265,4.53,0.0100000000000006,0.2212389380531123,-0.1499999999999994,-3.2051282051281937
2008-01-01,2.98,-0.5100000000000002,-14.61318051575932,-1.77,-37.26315789473684,3.67,-0.3700000000000001,-9.15841584158416,-1.16,-24.01656314699793,4.33,-0.2000000000000001,-4.415011037527598,-0.5199999999999996,-10.721649484536076
2008-02-01,2.78,-0.2000000000000001,-6.71140939597316,-1.93,-40.976645435244166,3.53,-0.1400000000000001,-3.814713896457769,-1.0299999999999998,-22.587719298245613,4.52,0.1899999999999995,4.3879907621247005,-0.3000000000000007,-6.224066390041508
2008-03-01,2.48,-0.2999999999999998,-10.791366906474812,-2.0000000000000004,-44.64285714285715,3.45,-0.0799999999999996,-2.2662889518413496,-1.2000000000000002,-25.806451612903224,4.39,-0.1299999999999999,-2.8761061946902635,-0.33,-6.991525423728816
2008-04-01,2.84,0.3599999999999999,14.51612903225806,-1.75,-38.12636165577342,3.77,0.3199999999999998,9.275362318840576,-0.8599999999999999,-18.574514038876888,4.44,0.0500000000000007,1.1389521640091278,-0.4299999999999997,-8.829568788501021
2008-05-01,3.15,0.31,10.915492957746482,-1.52,-32.54817987152035,4.06,0.2899999999999996,7.692307692307682,-0.8400000000000007,-17.142857142857157,4.6,0.1599999999999992,3.6036036036035854,-0.3000000000000007,-6.122448979591851
2008-06-01,3.49,0.3400000000000003,10.793650793650803,-1.54,-30.616302186878723,3.99,-0.0699999999999994,-1.7241379310344682,-1.04,-20.675944333996025,4.69,0.0900000000000007,1.9565217391304512,-0.5099999999999998,-9.807692307692305
2008-07-01,3.3,-0.1900000000000004,-5.444126074498578,-1.58,-32.37704918032787,3.99,0.0,0.0,-0.79,-16.527196652719663,4.57,-0.1200000000000001,-2.558635394456292,-0.54,-10.567514677103718
2008-08-01,3.14,-0.1599999999999997,-4.84848484848484,-1.2899999999999996,-29.119638826185096,3.83,-0.1600000000000001,-4.010025062656645,-0.71,-15.638766519823788,4.5,-0.0700000000000002,-1.5317286652078836,-0.4299999999999997,-8.722109533468554
2008-09-01,2.88,-0.2600000000000002,-8.28025477707007,-1.3200000000000005,-31.428571428571438,3.85,0.02,0.522193211488251,-0.7399999999999998,-16.12200435729847,4.27,-0.2300000000000004,-5.1111111111111205,-0.5200000000000005,-10.855949895615876
2008-10-01,2.73,-0.1499999999999999,-5.20833333333333,-1.4700000000000002,-35.0,4.01,0.1599999999999997,4.155844155844148,-0.4700000000000006,-10.49107142857144,4.17,-0.0999999999999996,-2.341920374707252,-0.5999999999999996,-12.578616352201252
2008-11-01,2.29,-0.4399999999999999,-16.117216117216117,-1.38,-37.60217983651226,2.93,-1.0799999999999996,-26.93266832917705,-1.04,-26.19647355163728,4.0,-0.1699999999999999,-4.0767386091127085,-0.5199999999999996,-11.504424778761054
2008-12-01,1.52,-0.77,-33.624454148471614,-1.97,-56.446991404011456,2.25,-0.6800000000000002,-23.208191126279868,-1.79,-44.306930693069305,2.87,-1.13,-28.25,-1.66,-36.64459161147903
2009-01-01,1.6,0.08,5.263157894736847,-1.38,-46.30872483221476,2.87,0.6200000000000001,27.55555555555556,-0.7999999999999998,-21.7983651226158,3.13,0.2599999999999998,9.059233449477343,-1.2000000000000002,-27.71362586605081
2009-02-01,1.87,0.27,16.875,-0.9099999999999996,-32.73381294964028,3.02,0.1499999999999999,5.226480836236931,-0.5099999999999998,-14.447592067988662,3.59,0.4599999999999999,14.696485623003197,-0.9299999999999996,-20.57522123893805
2009-03-01,1.82,-0.05,-2.6737967914438525,-0.6599999999999999,-26.61290322580645,2.71,-0.31,-10.264900662251655,-0.7400000000000002,-21.449275362318847,3.64,0.0500000000000002,1.3927576601671383,-0.7499999999999996,-17.084282460136667
2009-04-01,1.86,0.04,2.1978021978022,-0.9799999999999998,-34.50704225352112,3.16,0.4500000000000002,16.60516605166052,-0.6099999999999999,-16.18037135278514,3.76,0.1199999999999996,3.296703296703287,-0.6800000000000006,-15.315315315315328
2009-05-01,2.13,0.2699999999999998,14.516129032258052,-1.02,-32.38095238095238,3.47,0.31,9.810126582278482,-0.5899999999999994,-14.532019704433486,4.23,0.4700000000000006,12.500000000000016,-0.3699999999999992,-8.043478260869549
2009-06-01,2.71,0.5800000000000001,27.23004694835681,-0.7800000000000002,-22.349570200573076,3.53,0.0599999999999996,1.7291066282420635,-0.4600000000000004,-11.528822055137852,4.52,0.2899999999999991,6.85579196217492,-0.1700000000000008,-3.624733475479761
2009-07-01,2.46,-0.25,-9.22509225092251,-0.8399999999999999,-25.454545454545453,3.52,-0.0099999999999997,-0.283286118980164,-0.4700000000000002,-11.77944862155389,4.41,-0.1099999999999994,-2.433628318584059,-0.1600000000000001,-3.5010940919037226
2009-08-01,2.57,0.1099999999999998,4.471544715447149,-0.5700000000000003,-18.152866242038225,3.4,-0.1200000000000001,-3.4090909090909123,-0.4300000000000001,-11.227154046997391,4.37,-0.04,-0.9070294784580506,-0.1299999999999999,-2.8888888888888866
2009-09-01,2.37,-0.1999999999999997,-7.782101167315165,-0.5099999999999998,-17.708333333333325,3.31,-0.0899999999999998,-2.647058823529408,-0.54,-14.025974025974028,4.19,-0.1799999999999997,-4.118993135011436,-0.0799999999999991,-1.873536299765789
2009-10-01,2.33,-0.04,-1.6877637130801704,-0.3999999999999999,-14.65201465201465,3.41,0.1,3.021148036253779,-0.5999999999999996,-14.962593516209468,4.19,0.0,0.0,0.0200000000000004,0.4796163069544475
2009-11-01,2.23,-0.1,-4.291845493562235,-0.06,-2.620087336244544,3.21,-0.2000000000000001,-5.865102639296193,0.2799999999999998,9.556313993174054,4.31,0.1199999999999992,2.863961813842463,0.3099999999999996,7.74999999999999
2009-12-01,2.34,0.1099999999999998,4.932735426008963,0.8199999999999998,53.94736842105262,3.85,0.6400000000000001,19.93769470404985,1.6,71.11111111111111,4.49,0.1800000000000006,4.176334106728553,1.62,56.44599303135889
2010-01-01,2.48,0.1400000000000001,5.982905982905988,0.8799999999999999,54.99999999999999,3.63,-0.2200000000000002,-5.714285714285719,0.7599999999999998,26.48083623693379,4.6,0.1099999999999994,2.4498886414253773,1.4699999999999998,46.96485623003194
2010-02-01,2.36,-0.1200000000000001,-4.838709677419359,0.4899999999999997,26.20320855614972,3.61,-0.02,-0.5509641873278243,0.5899999999999999,19.5364238410596,4.62,0.0200000000000004,0.4347826086956622,1.0300000000000002,28.6908077994429
2010-03-01,2.43,0.0700000000000002,2.9661016949152663,0.6100000000000001,33.51648351648352,3.84,0.2299999999999999,6.3711911357340725,1.13,41.69741697416974,4.64,0.0199999999999995,0.4329004329004236,0.9999999999999996,27.472527472527457
2010-04-01,2.58,0.1499999999999999,6.172839506172836,0.72,38.70967741935484,3.69,-0.1499999999999999,-3.906249999999998,0.5299999999999998,16.77215189873417,4.69,0.0500000000000007,1.0775862068965671,0.9300000000000006,24.734042553191507
2010-05-01,2.18,-0.3999999999999999,-15.503875968992244,0.0500000000000002,2.3474178403755994,3.31,-0.3799999999999999,-10.298102981029809,-0.1600000000000001,-4.610951008645537,4.29,-0.4000000000000003,-8.52878464818764,0.0599999999999996,1.4184397163120472
2010-06-01,2.0,-0.1800000000000001,-8.256880733944962,-0.71,-26.199261992619927,2.97,-0.3399999999999998,-10.271903323262835,-0.5599999999999996,-15.864022662889507,4.13,-0.1600000000000001,-3.729603729603733,-0.3899999999999997,-8.62831858407079
2010-07-01,1.76,-0.24,-12.0,-0.7,-28.455284552845526,2.94,-0.0300000000000002,-1.0101010101010184,-0.5800000000000001,-16.47727272727273,3.99,-0.1399999999999996,-3.389830508474569,-0.4199999999999999,-9.523809523809522
2010-08-01,1.47,-0.29,-16.47727272727273,-1.1,-42.80155642023346,2.47,-0.4699999999999997,-15.986394557823122,-0.9299999999999996,-27.35294117647058,3.8,-0.1900000000000004,-4.761904761904772,-0.5700000000000003,-13.04347826086957
2010-09-01,1.41,-0.06,-4.081632653061228,-0.9600000000000002,-40.50632911392405,2.53,0.0599999999999996,2.429149797570834,-0.7800000000000002,-23.56495468277946,3.77,-0.0299999999999998,-0.7894736842105211,-0.4200000000000004,-10.023866348448696
2010-10-01,1.18,-0.2299999999999999,-16.31205673758865,-1.15,-49.35622317596567,2.63,0.1,3.9525691699604777,-0.7800000000000002,-22.87390029325514,3.87,0.1,2.6525198938992065,-0.3200000000000003,-7.637231503579958
2010-11-01,1.35,0.1700000000000001,14.406779661016964,-0.8799999999999999,-39.46188340807175,2.81,0.1800000000000001,6.844106463878333,-0.3999999999999999,-12.46105919003115,4.19,0.3200000000000003,8.268733850129205,-0.1199999999999992,-2.784222737819008
2010-12-01,1.93,0.5799999999999998,42.96296296296295,-0.4099999999999999,-17.52136752136752,3.3,0.4899999999999997,17.437722419928818,-0.5500000000000003,-14.285714285714294,4.42,0.2299999999999995,5.489260143198079,-0.0700000000000002,-1.559020044543436
2011-01-01,1.99,0.06,3.108808290155443,-0.49,-19.758064516129032,3.42,0.1200000000000001,3.63636363636364,-0.2099999999999999,-5.785123966942148,4.52,0.0999999999999996,2.262443438914019,-0.08,-1.7391304347826104
2011-02-01,2.26,0.2699999999999998,13.56783919597989,-0.1,-4.237288135593224,3.42,0.0,0.0,-0.1899999999999999,-5.263157894736841,4.65,0.1300000000000007,2.876106194690283,0.0300000000000002,0.6493506493506547
2011-03-01,2.11,-0.1499999999999999,-6.637168141592917,-0.3200000000000003,-13.1687242798354,3.47,0.0500000000000002,1.461988304093575,-0.3699999999999996,-9.63541666666666,4.51,-0.1400000000000005,-3.010752688172055,-0.1299999999999999,-2.8017241379310325
2011-04-01,2.17,0.06,2.8436018957346,-0.4100000000000001,-15.89147286821706,3.32,-0.1500000000000003,-4.322766570605197,-0.3700000000000001,-10.027100271002713,4.5,-0.0099999999999997,-0.2217294900221682,-0.1900000000000004,-4.051172707889133
2011-05-01,1.84,-0.3299999999999998,-15.207373271889391,-0.3400000000000001,-15.59633027522936,3.05,-0.27,-8.13253012048193,-0.2600000000000002,-7.854984894259825,4.29,-0.2099999999999999,-4.666666666666666,0.0,0.0
2011-06-01,1.58,-0.26,-14.130434782608695,-0.4199999999999999,-21.0,3.18,0.1300000000000003,4.262295081967225,0.2099999999999999,7.070707070707069,4.23,-0.0599999999999996,-1.3986013986013894,0.1000000000000005,2.421307506053282
2011-07-01,1.54,-0.04,-2.531645569620255,-0.2199999999999999,-12.499999999999998,2.82,-0.3600000000000003,-11.320754716981142,-0.1200000000000001,-4.081632653061228,4.27,0.0399999999999991,0.9456264775413508,0.2799999999999993,7.0175438596491055
2011-08-01,1.02,-0.52,-33.76623376623377,-0.4499999999999999,-30.61224489795918,2.23,-0.5899999999999999,-20.921985815602834,-0.2400000000000002,-9.716599190283407,3.65,-0.6199999999999997,-14.519906323185005,-0.1499999999999999,-3.947368421052629
2011-09-01,0.9,-0.12,-11.76470588235294,-0.5099999999999999,-36.17021276595744,1.92,-0.31,-13.901345291479824,-0.6099999999999999,-24.11067193675889,3.18,-0.4699999999999997,-12.876712328767118,-0.5899999999999999,-15.649867374005302
2011-10-01,1.06,0.16,17.777777777777782,-0.1199999999999998,-10.16949152542372,2.17,0.25,13.020833333333334,-0.4599999999999999,-17.490494296577946,3.13,-0.0500000000000002,-1.5723270440251655,-0.7400000000000002,-19.121447028423777
2011-11-01,0.91,-0.15,-14.150943396226417,-0.44,-32.592592592592595,2.08,-0.0899999999999998,-4.1474654377880125,-0.73,-25.97864768683274,3.02,-0.1099999999999998,-3.514376996805108,-1.1700000000000004,-27.92362768496421
2011-12-01,0.89,-0.02,-2.1978021978022,-1.04,-53.8860103626943,1.89,-0.1900000000000001,-9.134615384615392,-1.41,-42.72727272727273,2.98,-0.04,-1.3245033112582794,-1.44,-32.57918552036199
2012-01-01,0.84,-0.05,-5.6179775280898925,-1.15,-57.78894472361809,1.83,-0.0599999999999998,-3.174603174603166,-1.59,-46.49122807017543,3.03,0.0499999999999998,1.6778523489932826,-1.4899999999999998,-32.9646017699115
2012-02-01,0.83,-0.01,-1.1904761904761916,-1.4299999999999995,-63.27433628318584,1.98,0.1499999999999999,8.196721311475406,-1.44,-42.10526315789473,3.11,0.08,2.640264026402643,-1.5400000000000005,-33.118279569892486
2012-03-01,1.02,0.19,22.89156626506025,-1.09,-51.65876777251185,2.23,0.25,12.626262626262626,-1.2400000000000002,-35.73487031700289,3.28,0.1699999999999999,5.466237942122184,-1.23,-27.27272727272728
2012-04-01,0.89,-0.13,-12.745098039215684,-1.2799999999999998,-58.98617511520736,1.95,-0.28,-12.556053811659194,-1.37,-41.265060240963855,3.18,-0.0999999999999996,-3.0487804878048674,-1.3199999999999998,-29.33333333333333
2012-05-01,0.76,-0.13,-14.606741573033707,-1.08,-58.69565217391305,1.59,-0.3599999999999999,-18.461538461538453,-1.4599999999999995,-47.86885245901639,2.93,-0.25,-7.861635220125786,-1.36,-31.7016317016317
2012-06-01,0.71,-0.05,-6.5789473684210575,-0.8700000000000001,-55.06329113924051,1.67,0.0799999999999998,5.031446540880494,-1.5100000000000002,-47.48427672955975,2.7,-0.2299999999999999,-7.849829351535835,-1.5300000000000002,-36.17021276595745
2012-07-01,0.62,-0.0899999999999999,-12.676056338028166,-0.92,-59.74025974025974,1.51,-0.1599999999999999,-9.580838323353287,-1.3099999999999998,-46.45390070921985,2.59,-0.1100000000000003,-4.074074074074085,-1.6799999999999995,-39.34426229508197
2012-08-01,0.71,0.0899999999999999,14.51612903225806,-0.31,-30.3921568627451,1.57,0.06,3.973509933774838,-0.6599999999999999,-29.596412556053806,2.77,0.1800000000000001,6.949806949806956,-0.8799999999999999,-24.109589041095887
2012-09-01,0.67,-0.0399999999999999,-5.633802816901398,-0.2299999999999999,-25.555555555555557,1.65,0.0799999999999998,5.095541401273875,-0.27,-14.062500000000004,2.88,0.1099999999999998,3.9711191335740015,-0.3000000000000002,-9.433962264150953
2012-10-01,0.71,0.0399999999999999,5.970149253731331,-0.3500000000000001,-33.01886792452831,1.72,0.07,4.242424242424246,-0.4499999999999999,-20.737327188940093,2.9,0.02,0.6944444444444451,-0.2299999999999999,-7.348242811501597
2012-11-01,0.67,-0.0399999999999999,-5.633802816901398,-0.24,-26.373626373626376,1.62,-0.0999999999999998,-5.813953488372086,-0.4599999999999999,-22.115384615384613,2.8,-0.1,-3.448275862068969,-0.2200000000000002,-7.284768211920537
2012-12-01,0.7,0.0299999999999999,4.477611940298495,-0.19,-21.348314606741575,1.78,0.1599999999999999,9.876543209876536,-0.1099999999999998,-5.820105820105813,2.88,0.08,2.85714285714286,-0.1,-3.35570469798658
2013-01-01,0.81,0.1100000000000001,15.714285714285731,-0.0299999999999999,-3.5714285714285614,2.02,0.24,13.48314606741573,0.1899999999999999,10.382513661202182,3.08,0.2000000000000001,6.94444444444445,0.0500000000000002,1.650165016501659
2013-02-01,0.85,0.0399999999999999,4.938271604938262,0.02,2.40963855421687,1.89,-0.1300000000000001,-6.435643564356441,-0.09,-4.545454545454549,3.17,0.0899999999999998,2.9220779220779174,0.06,1.9292604501607733
2013-03-01,0.82,-0.03,-3.529411764705886,-0.2,-19.607843137254907,1.87,-0.0199999999999997,-1.0582010582010477,-0.3599999999999999,-16.143497757847527,3.16,-0.0099999999999997,-0.3154574132492046,-0.1199999999999996,-3.658536585365844
2013-04-01,0.71,-0.1099999999999999,-13.41463414634146,-0.18,-20.2247191011236,1.7,-0.1700000000000001,-9.0909090909091,-0.25,-12.820512820512825,2.93,-0.2299999999999999,-7.278481012658227,-0.25,-7.861635220125786
2013-05-01,0.84,0.13,18.30985915492958,0.0799999999999999,10.52631578947368,2.16,0.4600000000000002,27.05882352941177,0.5700000000000001,35.84905660377359,3.11,0.1799999999999997,6.143344709897601,0.1799999999999997,6.143344709897601
2013-06-01,1.2,0.36,42.85714285714285,0.49,69.01408450704226,2.52,0.3599999999999999,16.66666666666666,0.8500000000000001,50.89820359281438,3.4,0.29,9.324758842443732,0.6999999999999997,25.925925925925917
2013-07-01,1.4,0.1999999999999999,16.666666666666664,0.7799999999999999,125.8064516129032,2.6,0.08,3.174603174603177,1.09,72.18543046357617,3.61,0.2099999999999999,6.176470588235293,1.02,39.38223938223938
2013-08-01,1.52,0.1200000000000001,8.57142857142858,0.81,114.08450704225352,2.78,0.1799999999999997,6.923076923076913,1.2099999999999995,77.0700636942675,3.76,0.1499999999999999,4.15512465373961,0.9899999999999998,35.740072202166054
2013-09-01,1.6,0.08,5.263157894736847,0.93,138.80597014925374,2.64,-0.1399999999999996,-5.035971223021572,0.9900000000000002,60.00000000000002,3.79,0.0300000000000002,0.7978723404255386,0.91,31.597222222222225
2013-10-01,1.37,-0.2299999999999999,-14.374999999999998,0.6600000000000001,92.95774647887326,2.57,-0.0700000000000002,-2.651515151515162,0.8499999999999999,49.41860465116278,3.68,-0.1099999999999998,-2.902374670184693,0.7800000000000002,26.89655172413794
2013-11-01,1.37,0.0,0.0,0.7000000000000001,104.47761194029852,2.75,0.1800000000000001,7.003891050583665,1.13,69.75308641975307,3.8,0.1199999999999996,3.2608695652173822,1.0,35.714285714285715
2013-12-01,1.58,0.2099999999999999,15.328467153284668,0.8800000000000001,125.71428571428574,3.04,0.29,10.545454545454549,1.26,70.78651685393258,3.89,0.0900000000000003,2.368421052631587,1.0100000000000002,35.06944444444445
2014-01-01,1.65,0.0699999999999998,4.430379746835433,0.8399999999999999,103.70370370370368,2.67,-0.3700000000000001,-12.17105263157895,0.6499999999999999,32.17821782178218,3.77,-0.1200000000000001,-3.0848329048843217,0.69,22.4025974025974
2014-02-01,1.52,-0.1299999999999999,-7.878787878787873,0.67,78.82352941176471,2.66,-0.0099999999999997,-0.3745318352059845,0.7700000000000002,40.74074074074076,3.66,-0.1099999999999998,-2.917771883289121,0.4900000000000002,15.457413249211363
2014-03-01,1.64,0.1199999999999998,7.894736842105256,0.82,100.0,2.73,0.0699999999999998,2.631578947368415,0.8599999999999999,45.98930481283421,3.62,-0.04,-1.0928961748633887,0.4599999999999999,14.556962025316452
2014-04-01,1.7,0.06,3.658536585365857,0.99,139.43661971830988,2.67,-0.06,-2.1978021978022,0.97,57.05882352941176,3.52,-0.1,-2.7624309392265216,0.5899999999999999,20.13651877133105
2014-05-01,1.59,-0.1099999999999998,-6.47058823529411,0.7500000000000001,89.2857142857143,2.48,-0.1899999999999999,-7.116104868913856,0.3199999999999998,14.814814814814806,3.39,-0.1299999999999999,-3.693181818181815,0.2800000000000002,9.003215434083609
2014-06-01,1.68,0.0899999999999998,5.660377358490557,0.48,40.0,2.53,0.0499999999999998,2.0161290322580574,0.0099999999999997,0.3968253968253883,3.42,0.0299999999999998,0.8849557522123837,0.02,0.5882352941176475
2014-07-01,1.7,0.02,1.1904761904761916,0.3,21.428571428571438,2.58,0.0500000000000002,1.976284584980248,-0.02,-0.7692307692307698,3.33,-0.0899999999999998,-2.631578947368417,-0.2799999999999998,-7.756232686980605
2014-08-01,1.63,-0.07,-4.117647058823533,0.1099999999999998,7.236842105263149,2.35,-0.2299999999999999,-8.914728682170542,-0.4299999999999997,-15.467625899280565,3.2,-0.1299999999999999,-3.9039039039039007,-0.5599999999999996,-14.893617021276588
2014-09-01,1.77,0.1400000000000001,8.588957055214733,0.1699999999999999,10.624999999999996,2.52,0.1699999999999999,7.234042553191486,-0.1200000000000001,-4.545454545454549,3.26,0.0599999999999996,1.874999999999988,-0.5300000000000002,-13.98416886543536
2014-10-01,1.55,-0.2199999999999999,-12.429378531073445,0.1799999999999999,13.138686131386857,2.35,-0.1699999999999999,-6.746031746031743,-0.2199999999999997,-8.560311284046684,3.04,-0.2199999999999997,-6.748466257668705,-0.6400000000000001,-17.39130434782609
2014-11-01,1.62,0.07,4.5161290322580685,0.25,18.248175182481752,2.18,-0.1699999999999999,-7.234042553191486,-0.5699999999999998,-20.727272727272723,3.04,0.0,0.0,-0.7599999999999998,-20.0
2014-12-01,1.64,0.0199999999999997,1.2345679012345552,0.0599999999999998,3.797468354430369,2.17,-0.0100000000000002,-0.4587155963302857,-0.8700000000000001,-28.618421052631582,2.83,-0.2099999999999999,-6.907894736842104,-1.06,-27.24935732647815
2015-01-01,1.37,-0.2699999999999998,-16.463414634146332,-0.2799999999999998,-16.969696969696958,1.68,-0.49,-22.58064516129032,-0.99,-37.07865168539326,2.46,-0.3700000000000001,-13.07420494699647,-1.31,-34.748010610079575
2015-02-01,1.47,0.0999999999999998,7.29927007299269,-0.05,-3.2894736842105288,2.0,0.32,19.04761904761905,-0.6600000000000001,-24.812030075187973,2.57,0.1099999999999998,4.471544715447149,-1.0900000000000003,-29.781420765027327
2015-03-01,1.52,0.05,3.40136054421769,-0.1199999999999998,-7.317073170731701,1.94,-0.06,-3.0000000000000027,-0.79,-28.93772893772894,2.63,0.06,2.3346303501945544,-0.9900000000000002,-27.348066298342545
2015-04-01,1.35,-0.1699999999999999,-11.184210526315784,-0.3499999999999998,-20.58823529411764,2.05,0.1099999999999998,5.670103092783499,-0.6200000000000001,-23.22097378277154,2.59,-0.04,-1.5209125475285186,-0.9300000000000002,-26.420454545454557
2015-05-01,1.54,0.1899999999999999,14.074074074074067,-0.05,-3.1446540880503173,2.12,0.0700000000000002,3.414634146341477,-0.3599999999999999,-14.51612903225806,2.96,0.3700000000000001,14.28571428571429,-0.4300000000000001,-12.684365781710918
2015-06-01,1.68,0.1399999999999999,9.090909090909085,0.0,0.0,2.35,0.2299999999999999,10.849056603773583,-0.1799999999999997,-7.114624505928843,3.11,0.1499999999999999,5.067567567567564,-0.31,-9.06432748538012
2015-07-01,1.63,-0.05,-2.976190476190479,-0.07,-4.117647058823533,2.2,-0.1499999999999999,-6.382978723404251,-0.3799999999999999,-14.728682170542632,3.07,-0.04,-1.2861736334405156,-0.2600000000000002,-7.807807807807815
2015-08-01,1.54,-0.0899999999999998,-5.521472392638029,-0.0899999999999998,-5.521472392638029,2.21,0.0099999999999997,0.4545454545454448,-0.1400000000000001,-5.957446808510643,2.86,-0.2099999999999999,-6.840390879478826,-0.3400000000000003,-10.625000000000009
2015-09-01,1.49,-0.05,-3.2467532467532494,-0.28,-15.819209039548024,2.06,-0.1499999999999999,-6.787330316742078,-0.4599999999999999,-18.253968253968253,2.95,0.0900000000000003,3.1468531468531578,-0.3099999999999996,-9.50920245398772
2015-10-01,1.39,-0.1,-6.71140939597316,-0.1600000000000001,-10.3225806451613,2.16,0.1,4.854368932038839,-0.1899999999999999,-8.08510638297872,2.89,-0.06,-2.0338983050847474,-0.1499999999999999,-4.934210526315787
2015-11-01,1.67,0.28,20.143884892086334,0.0499999999999998,3.0864197530864086,2.21,0.0499999999999998,2.3148148148148064,0.0299999999999998,1.3761467889908163,3.03,0.1399999999999996,4.844290657439435,-0.0100000000000002,-0.3289473684210602
2015-12-01,1.7,0.03,1.7964071856287442,0.06,3.658536585365857,2.27,0.06,2.714932126696835,0.1,4.60829493087558,2.97,-0.0599999999999996,-1.9801980198019675,0.1400000000000001,4.9469964664311
2016-01-01,1.52,-0.1799999999999999,-10.588235294117643,0.1499999999999999,10.948905109489043,1.94,-0.33,-14.537444933920709,0.26,15.476190476190476,2.86,-0.1100000000000003,-3.703703703703714,0.3999999999999999,16.260162601626014
2016-02-01,1.22,-0.3,-19.73684210526316,-0.25,-17.006802721088434,1.74,-0.1999999999999999,-10.309278350515465,-0.26,-13.0,2.62,-0.2399999999999997,-8.391608391608383,0.0500000000000002,1.945525291828804
2016-03-01,1.38,0.1599999999999999,13.114754098360647,-0.1400000000000001,-9.21052631578948,1.78,0.04,2.2988505747126458,-0.1599999999999999,-8.247422680412367,2.68,0.06,2.2900763358778646,0.0500000000000002,1.9011406844106569
2016-04-01,1.26,-0.1199999999999998,-8.695652173913036,-0.09,-6.666666666666672,1.83,0.05,2.8089887640449462,-0.2199999999999997,-10.73170731707316,2.62,-0.06,-2.238805970149256,0.0300000000000002,1.158301158301168
2016-05-01,1.3,0.04,3.174603174603177,-0.24,-15.584415584415584,1.84,0.01,0.5464480874316944,-0.28,-13.20754716981132,2.63,0.0099999999999997,0.3816793893129689,-0.33,-11.148648648648653
2016-06-01,1.17,-0.1300000000000001,-10.000000000000009,-0.51,-30.35714285714286,1.49,-0.3500000000000001,-19.021739130434785,-0.8600000000000001,-36.59574468085107,2.45,-0.1799999999999997,-6.844106463878316,-0.6599999999999997,-21.22186495176848
2016-07-01,1.07,-0.0999999999999998,-8.547008547008536,-0.5599999999999998,-34.35582822085889,1.46,-0.03,-2.0134228187919483,-0.7400000000000002,-33.63636363636364,2.23,-0.2200000000000002,-8.979591836734702,-0.8399999999999999,-27.361563517915304
2016-08-01,1.13,0.0599999999999998,5.607476635514002,-0.4100000000000001,-26.623376623376632,1.58,0.1200000000000001,8.219178082191789,-0.6299999999999999,-28.506787330316737,2.26,0.0299999999999998,1.345291479820619,-0.6000000000000001,-20.979020979020984
2016-09-01,1.18,0.05,4.424778761061951,-0.31,-20.805369127516784,1.6,0.02,1.2658227848101276,-0.4599999999999999,-22.33009708737864,2.35,0.0900000000000003,3.982300884955766,-0.6000000000000001,-20.33898305084746
2016-10-01,1.27,0.09,7.627118644067804,-0.1199999999999998,-8.633093525179849,1.84,0.24,15.0,-0.32,-14.814814814814817,2.5,0.1499999999999999,6.382978723404251,-0.3900000000000001,-13.494809688581318
2016-11-01,1.6,0.33,25.98425196850394,-0.0699999999999998,-4.191616766467057,2.37,0.53,28.80434782608696,0.1600000000000001,7.239819004524893,2.86,0.3599999999999999,14.399999999999997,-0.1699999999999999,-5.610561056105609
2016-12-01,1.96,0.3599999999999999,22.499999999999996,0.26,15.294117647058824,2.45,0.08,3.3755274261603407,0.1800000000000001,7.92951541850221,3.11,0.25,8.741258741258742,0.1399999999999996,4.713804713804703
2017-01-01,1.92,-0.04,-2.040816326530614,0.3999999999999999,26.315789473684205,2.45,0.0,0.0,0.5100000000000002,26.28865979381445,3.02,-0.0899999999999998,-2.893890675241153,0.1600000000000001,5.5944055944056
2017-02-01,1.9,-0.02,-1.0416666666666676,0.6799999999999999,55.73770491803278,2.36,-0.0900000000000003,-3.673469387755114,0.6199999999999999,35.632183908045974,3.03,0.0099999999999997,0.3311258278145624,0.4099999999999997,15.648854961832049
2017-03-01,2.01,0.1099999999999998,5.78947368421052,0.6299999999999999,45.65217391304348,2.4,0.04,1.6949152542372898,0.6199999999999999,34.83146067415729,3.08,0.0500000000000002,1.650165016501659,0.3999999999999999,14.925373134328352
2017-04-01,1.82,-0.1899999999999997,-9.452736318407949,0.56,44.44444444444445,2.29,-0.1099999999999998,-4.583333333333329,0.4599999999999999,25.13661202185792,2.94,-0.1400000000000001,-4.545454545454549,0.3199999999999998,12.21374045801526
2017-05-01,1.84,0.02,1.0989010989011,0.54,41.53846153846154,2.21,-0.08,-3.493449781659392,0.3699999999999999,20.108695652173907,2.96,0.02,0.680272108843538,0.33,12.54752851711027
2017-06-01,1.77,-0.07,-3.80434782608696,0.6000000000000001,51.28205128205129,2.31,0.1,4.524886877828059,0.8200000000000001,55.03355704697987,2.8,-0.1600000000000001,-5.405405405405411,0.3499999999999996,14.28571428571427
2017-07-01,1.87,0.1,5.649717514124299,0.8,74.76635514018692,2.3,-0.0100000000000002,-0.4329004329004429,0.8399999999999999,57.53424657534247,2.88,0.08,2.85714285714286,0.6499999999999999,29.147982062780265
2017-08-01,1.78,-0.09,-4.812834224598935,0.6500000000000001,57.52212389380532,2.12,-0.1799999999999997,-7.826086956521728,0.54,34.177215189873415,2.8,-0.08,-2.7777777777777803,0.54,23.89380530973452
2017-09-01,1.8,0.02,1.1235955056179785,0.6200000000000001,52.542372881355945,2.33,0.2099999999999999,9.905660377358489,0.73,45.625,2.78,-0.02,-0.714285714285715,0.4299999999999997,18.29787234042552
2017-10-01,1.98,0.1799999999999999,9.999999999999996,0.71,55.90551181102362,2.38,0.0499999999999998,2.145922746781108,0.5399999999999998,29.34782608695651,2.88,0.1,3.5971223021582768,0.3799999999999999,15.199999999999998
2017-11-01,2.05,0.0699999999999998,3.5353535353535275,0.4499999999999997,28.124999999999982,2.42,0.04,1.6806722689075646,0.0499999999999998,2.1097046413502034,2.8,-0.08,-2.7777777777777803,-0.06,-2.0979020979021
2017-12-01,2.18,0.1300000000000003,6.341463414634163,0.2200000000000002,11.224489795918377,2.4,-0.02,-0.8264462809917362,-0.0500000000000002,-2.040816326530623,2.77,-0.0299999999999998,-1.0714285714285643,-0.3399999999999998,-10.932475884244369
2018-01-01,2.38,0.1999999999999997,9.17431192660549,0.4599999999999999,23.95833333333333,2.72,0.3200000000000003,13.333333333333346,0.27,11.020408163265309,2.88,0.1099999999999998,3.9711191335740015,-0.1400000000000001,-4.635761589403978
2018-02-01,2.6,0.2200000000000002,9.243697478991605,0.7000000000000002,36.842105263157904,2.87,0.1499999999999999,5.514705882352938,0.5100000000000002,21.61016949152544,3.13,0.25,8.680555555555555,0.1,3.3003300330033034
2018-03-01,2.63,0.0299999999999998,1.1538461538461462,0.6200000000000001,30.84577114427861,2.74,-0.1299999999999999,-4.529616724738672,0.3400000000000003,14.16666666666668,3.09,-0.04,-1.2779552715654965,0.0099999999999997,0.3246753246753177
2018-04-01,2.7,0.0700000000000002,2.661596958174916,0.8800000000000001,48.35164835164836,2.95,0.2099999999999999,7.664233576642333,0.6600000000000001,28.82096069868996,3.07,-0.02,-0.647249190938512,0.1299999999999999,4.42176870748299
2018-05-01,2.82,0.1199999999999996,4.444444444444431,0.9799999999999998,53.26086956521737,2.83,-0.1200000000000001,-4.067796610169495,0.6200000000000001,28.054298642533944,3.13,0.06,1.9543973941368096,0.1699999999999999,5.743243243243241
2018-06-01,2.78,-0.04,-1.418439716312058,1.0099999999999998,57.06214689265535,2.85,0.02,0.7067137809187285,0.54,23.376623376623375,3.05,-0.08,-2.5559105431309925,0.25,8.928571428571429
2018-07-01,2.78,0.0,0.0,0.9099999999999996,48.66310160427806,2.96,0.1099999999999998,3.8596491228070127,0.6600000000000001,28.69565217391305,3.01,-0.04,-1.3114754098360668,0.1299999999999999,4.513888888888886
2018-08-01,2.77,-0.0099999999999997,-0.3597122302158196,0.99,55.61797752808989,2.86,-0.1,-3.378378378378381,0.7399999999999998,34.90566037735848,3.04,0.0300000000000002,0.9966777408637956,0.2400000000000002,8.57142857142858
2018-09-01,2.89,0.1200000000000001,4.332129963898921,1.09,60.55555555555557,3.05,0.1899999999999999,6.6433566433566416,0.7199999999999998,30.901287553648054,3.15,0.1099999999999998,3.618421052631575,0.3700000000000001,13.309352517985618
2018-10-01,3.0,0.1099999999999998,3.806228373702418,1.02,51.51515151515152,3.15,0.1,3.2786885245901667,0.77,32.35294117647059,3.34,0.1899999999999999,6.031746031746031,0.4599999999999999,15.97222222222222
2018-11-01,2.95,-0.0499999999999998,-1.6666666666666607,0.9000000000000004,43.90243902439027,3.01,-0.1400000000000001,-4.444444444444449,0.5899999999999999,24.38016528925619,3.36,0.02,0.5988023952095813,0.56,20.000000000000004
2018-12-01,2.68,-0.27,-9.152542372881356,0.5,22.93577981651376,2.69,-0.3199999999999998,-10.631229235880395,0.29,12.083333333333336,3.1,-0.2599999999999998,-7.738095238095231,0.33,11.913357400722024
2019-01-01,2.54,-0.1400000000000001,-5.22388059701493,0.1600000000000001,6.722689075630258,2.63,-0.06,-2.2304832713754665,-0.0900000000000003,-3.308823529411776,3.04,-0.06,-1.935483870967744,0.1600000000000001,5.555555555555561
2019-02-01,2.49,-0.0499999999999998,-1.968503937007867,-0.1099999999999998,-4.230769230769226,2.73,0.1,3.802281368821296,-0.1400000000000001,-4.878048780487809,3.02,-0.02,-0.6578947368421059,-0.1099999999999998,-3.514376996805108
2019-03-01,2.37,-0.1200000000000001,-4.819277108433739,-0.2599999999999998,-9.885931558935354,2.41,-0.3199999999999998,-11.721611721611715,-0.33,-12.043795620437958,2.98,-0.04,-1.3245033112582794,-0.1099999999999998,-3.559870550161808
2019-04-01,2.33,-0.04,-1.6877637130801704,-0.3700000000000001,-13.703703703703706,2.51,0.0999999999999996,4.149377593360981,-0.4400000000000004,-14.915254237288147,2.94,-0.04,-1.342281879194632,-0.1299999999999999,-4.234527687296414
2019-05-01,2.19,-0.1400000000000001,-6.0085836909871295,-0.6299999999999999,-22.34042553191489,2.14,-0.3699999999999996,-14.741035856573692,-0.69,-24.381625441696112,2.82,-0.1200000000000001,-4.081632653061228,-0.31,-9.90415335463259
2019-06-01,1.83,-0.3599999999999999,-16.438356164383556,-0.9499999999999996,-34.17266187050359,2.0,-0.1400000000000001,-6.54205607476636,-0.8500000000000001,-29.82456140350877,2.57,-0.25,-8.865248226950355,-0.48,-15.737704918032788
2019-07-01,1.83,0.0,0.0,-0.9499999999999996,-34.17266187050359,2.02,0.02,1.0000000000000009,-0.94,-31.756756756756754,2.57,0.0,0.0,-0.4399999999999999,-14.617940199335546
2019-08-01,1.49,-0.3400000000000001,-18.5792349726776,-1.28,-46.20938628158845,1.5,-0.52,-25.742574257425744,-1.36,-47.55244755244755,2.12,-0.4499999999999997,-17.509727626459135,-0.92,-30.26315789473684
2019-09-01,1.57,0.08,5.369127516778528,-1.32,-45.674740484429066,1.68,0.1799999999999999,11.999999999999996,-1.37,-44.91803278688524,2.16,0.04,1.8867924528301905,-0.9899999999999998,-31.428571428571423
2019-10-01,1.53,-0.04,-2.5477707006369448,-1.47,-49.0,1.69,0.01,0.5952380952380958,-1.46,-46.34920634920635,2.19,0.0299999999999998,1.3888888888888795,-1.15,-34.4311377245509
2019-11-01,1.64,0.1099999999999998,7.189542483660122,-1.3100000000000005,-44.40677966101696,1.78,0.09,5.3254437869822535,-1.2299999999999998,-40.86378737541528,2.28,0.0899999999999998,4.109589041095884,-1.08,-32.142857142857146
2019-12-01,1.68,0.04,2.4390243902439046,-1.0000000000000002,-37.313432835820905,1.92,0.1399999999999999,7.865168539325837,-0.77,-28.62453531598513,2.3,0.02,0.8771929824561412,-0.8000000000000003,-25.806451612903235
2020-01-01,1.56,-0.1199999999999998,-7.142857142857137,-0.98,-38.582677165354326,1.51,-0.4099999999999999,-21.354166666666664,-1.12,-42.58555133079848,2.22,-0.0799999999999996,-3.4782608695652013,-0.8199999999999998,-26.97368421052631
2020-02-01,1.32,-0.24,-15.384615384615383,-1.1700000000000002,-46.98795180722892,1.13,-0.3800000000000001,-25.16556291390729,-1.6,-58.60805860805861,1.97,-0.2500000000000002,-11.26126126126127,-1.05,-34.7682119205298
2020-03-01,0.59,-0.7300000000000001,-55.30303030303031,-1.7800000000000002,-75.10548523206751,0.7,-0.4299999999999999,-38.05309734513274,-1.7100000000000002,-70.95435684647303,1.46,-0.51,-25.888324873096447,-1.52,-51.006711409395976
2020-04-01,0.39,-0.1999999999999999,-33.89830508474576,-1.94,-83.2618025751073,0.64,-0.0599999999999999,-8.571428571428562,-1.87,-74.5019920318725,1.27,-0.1899999999999999,-13.013698630136982,-1.67,-56.80272108843537
2020-05-01,0.34,-0.0499999999999999,-12.820512820512816,-1.85,-84.47488584474885,0.65,0.01,1.562500000000001,-1.4900000000000002,-69.62616822429906,1.38,0.1099999999999998,8.661417322834636,-1.44,-51.06382978723404
2020-06-01,0.34,0.0,0.0,-1.49,-81.4207650273224,0.66,0.01,1.5384615384615397,-1.34,-67.0,1.49,0.1100000000000001,7.971014492753631,-1.0799999999999998,-42.02334630350194
2020-07-01,0.28,-0.06,-17.64705882352941,-1.55,-84.69945355191257,0.55,-0.1099999999999999,-16.666666666666664,-1.47,-72.77227722772277,1.31,-0.1799999999999999,-12.080536912751674,-1.2599999999999998,-49.02723735408559
2020-08-01,0.27,-0.01,-3.571428571428574,-1.22,-81.87919463087249,0.72,0.1699999999999999,30.90909090909089,-0.78,-52.0,1.36,0.05,3.816793893129775,-0.76,-35.84905660377358
2020-09-01,0.27,0.0,0.0,-1.3,-82.80254777070064,0.69,-0.03,-4.166666666666671,-0.99,-58.92857142857143,1.42,0.0599999999999998,4.41176470588234,-0.7400000000000002,-34.25925925925927
2020-10-01,0.34,0.07,25.925925925925924,-1.19,-77.77777777777777,0.88,0.19,27.536231884057983,-0.8099999999999999,-47.92899408284024,1.57,0.1500000000000001,10.56338028169015,-0.6199999999999999,-28.310502283105016
2020-11-01,0.39,0.0499999999999999,14.705882352941172,-1.25,-76.21951219512195,0.84,-0.04,-4.545454545454549,-0.94,-52.80898876404495,1.62,0.05,3.184713375796181,-0.6599999999999997,-28.947368421052623
2020-12-01,0.39,0.0,0.0,-1.29,-76.78571428571429,0.93,0.09,10.714285714285724,-0.99,-51.5625,1.67,0.0499999999999998,3.0864197530864086,-0.6299999999999999,-27.39130434782609
