DATE,MORTGAGE15US_Monthly Change,MORTGAGE30US_Monthly Change,MORTGAGE5US_Monthly Change,Rent Index Mon_Chg,NASDAQCOM Mon_Chg,WILL5000 Per_Mon_Chg,House Completed,House Under Construction,5yr_Maturity Per_Mon_Chg,10yr_Maturity Per_Mon_Chg,30yr_Maturity Per_Mon_Chg,CPI Mon_Chg,House Index Monthly Change,Year,Month
2000-01-01,0.0,0.0,0.0,0.0,0.0,0.0,12.62,6.79,0.0,0.0,0.0,0.0,0.0,2000,1
2000-02-01,0.1299999999999999,0.1149999999999984,,0.2211199999999991,19.19474,2.11918,13.26,6.78,1.5197568389057698,-3.892215568862272,-6.033182503770731,0.4134700000000038,0.7869999999999919,2000,2
2000-03-01,-0.1005000000000002,-0.084999999999999,,0.3316700000000026,-3.1433699999999902,5.811405849518185,13.12,6.75,-2.694610778443109,-6.074766355140183,-2.889245585874809,0.5906599999999997,0.7879999999999967,2000,3
2000-04-01,-0.032,-0.0875000000000003,,0.2211199999999991,-18.07378,-5.277494328285175,13.07,6.72,-3.692307692307696,3.316749585406305,-3.305785123966945,-0.0590600000000023,0.7950000000000017,2000,4
2000-05-01,0.3824999999999994,0.3625000000000007,,0.2763899999999921,-11.667740000000007,-3.609141504042785,13.34,6.66,6.869009584664547,0.9630818619582602,5.12820512820514,0.1771999999999991,0.7550000000000097,2000,5
2000-06-01,-0.1904999999999992,-0.2270000000000003,,0.3316800000000057,14.343900000000003,4.332648369034552,11.9,6.63,-5.829596412556063,-4.133545310015895,-3.5772357723577333,0.5906700000000029,0.7459999999999951,2000,6
2000-07-01,-0.1269999999999997,-0.1404999999999994,,0.3869499999999988,-5.053359999999998,-2.1161609331548887,11.87,6.58,-1.9047619047619069,0.1658374792703115,-1.349072512647556,0.2953299999999927,0.6299999999999955,2000,7
2000-08-01,-0.1025,-0.120000000000001,,0.3869600000000019,11.150279999999997,7.124587656922618,12.31,6.59,-1.941747572815536,-5.132450331125821,-2.2222222222222205,0.0,0.7139999999999986,2000,8
2000-09-01,-0.1585,-0.1154999999999999,,0.3316700000000026,-13.540170000000003,-4.668820805740655,11.75,6.56,-2.145214521452144,1.221640488656185,1.923076923076929,0.5315999999999974,0.7700000000000102,2000,9
2000-10-01,-0.1340000000000003,-0.1169999999999999,,0.3869600000000019,-7.694490000000002,-2.193811586663032,11.76,6.6,-2.5295109612141564,-0.5172413793103492,-0.514579759862783,0.1772000000000133,0.8429999999999893,2000,10
2000-11-01,-0.0524999999999993,-0.0499999999999998,,0.3316700000000026,-19.58456,-10.05236331491502,12.27,6.55,-1.3840830449827002,-5.025996533795479,-0.3448275862068892,0.1771999999999991,0.9200000000000016,2000,11
2000-12-01,-0.3615000000000004,-0.3630000000000004,,0.3869599999999877,-3.233469999999997,1.6669739682593063,12.27,6.55,-9.29824561403509,-6.569343065693436,-5.017301038062285,0.2362699999999904,0.8380000000000081,2000,12
2001-01-01,-0.4160000000000003,-0.3494999999999999,,0.3316700000000026,7.669629999999998,3.740838118469101,11.22,6.7,-5.996131528046414,1.3671875000000056,0.9107468123861534,0.5906599999999997,0.7079999999999984,2001,1
2001-02-01,0.0,0.0175,,0.3869499999999988,-15.757489999999995,-9.548221411688148,11.98,6.72,0.6172839506172707,-5.202312138728332,-1.6245487364620912,0.2362700000000046,0.6529999999999916,2001,2
2001-03-01,-0.1319999999999996,-0.0979999999999998,,0.4422399999999982,-7.907160000000005,-6.822055630652624,11.93,6.76,-5.112474437627812,0.2032520325203209,-2.0183486238532167,0.0590700000000055,0.6080000000000041,2001,3
2001-04-01,0.0869999999999997,0.1254999999999997,,0.386950000000013,7.00394,8.140350938242618,12.42,6.83,2.5862068965517264,8.519269776876266,5.805243445692893,0.1771999999999991,0.5430000000000064,2001,4
2001-05-01,0.08,0.0674999999999999,,0.4975099999999912,-0.1459199999999967,0.8491645459292849,12.24,6.87,3.57142857142857,1.4953271028037398,2.30088495575221,0.5315999999999974,0.5120000000000005,2001,5
2001-06-01,0.0250000000000003,0.0150000000000005,,0.3869600000000019,1.2701899999999997,-1.7490639883809844,12.83,6.88,-2.4340770791075075,-0.1841620626150973,-1.9031141868512167,0.2362699999999904,0.6329999999999956,2001,6
2001-07-01,-0.0175,-0.0324999999999997,,0.3869499999999988,-3.3857399999999984,-1.741357353121967,12.73,6.89,-1.039501039501036,-6.457564575645749,-1.0582010582010517,-0.1771999999999991,0.695999999999998,2001,7
2001-08-01,-0.1825000000000001,-0.1775000000000002,,0.3869600000000019,-5.626400000000004,-6.186555997867721,12.81,6.92,-3.991596638655452,-4.339250493096659,-2.317290552584668,0.0,0.6760000000000019,2001,8
2001-09-01,-0.1600000000000001,-0.1325000000000002,,0.442229999999995,-7.781799999999997,-9.054976879012004,12.62,6.9,-9.846827133479216,-5.154639175257732,0.0,0.4134600000000006,0.6440000000000055,2001,9
2001-10-01,-0.2424999999999997,-0.2000000000000001,,0.3869499999999988,4.857439999999997,2.4459963643623333,13.34,6.81,-5.097087378640776,-6.52173913043478,-2.9197080291970825,-0.2953299999999927,0.4969999999999999,2001,10
2001-11-01,0.0484999999999997,0.0405000000000006,,0.3869600000000019,6.100470000000001,7.498223760167039,12.42,6.83,1.5345268542199502,11.16279069767443,-3.7593984962406046,-0.0590700000000055,0.5459999999999923,2001,11
2001-12-01,0.3965000000000005,0.407,,0.4422300000000092,0.5030000000000001,1.6733612591202405,13.51,6.73,10.579345088161196,6.066945606694561,7.031250000000005,-0.0590600000000023,0.597999999999999,2001,12
2002-01-01,-0.0625,-0.0675000000000007,,0.3316799999999915,-0.4154399999999967,-1.335395994491601,13.24,6.69,-1.1389521640091078,0.0,-0.5474452554744571,0.1771999999999991,0.6910000000000025,2002,1
2002-02-01,-0.1050000000000004,-0.1049999999999995,,0.3869499999999988,-5.140160000000002,-2.194093196894697,13.7,6.76,-0.921658986175116,-3.747534516765293,0.0,0.1772000000000133,0.7019999999999982,2002,2
2002-03-01,0.141,0.1215000000000001,,0.3316800000000057,2.8895899999999983,4.285828976324843,13.24,6.76,10.232558139534891,11.065573770491804,6.605504587155952,0.2953299999999927,0.8430000000000035,2002,3
2002-04-01,-0.0410000000000003,-0.0289999999999999,,0.2211099999999959,-3.987459999999999,-4.960779279682464,12.58,6.79,-1.898734177215187,-5.719557195571948,-0.3442340791738308,0.4725300000000061,0.9230000000000018,2002,4
2002-05-01,-0.1949999999999994,-0.1790000000000002,,0.2211199999999991,-1.8399399999999984,-1.315183978738372,13.59,6.86,-3.440860215053766,-0.5870841487279892,-0.518134715025911,0.1181399999999968,1.1129999999999995,2002,5
2002-06-01,-0.1749999999999998,-0.1559999999999997,,0.3316700000000026,-3.870719999999999,-7.14846953255994,12.81,6.89,-6.681514476614694,-4.330708661417318,-1.3888888888888902,0.0590600000000023,1.087999999999994,2002,6
2002-07-01,-0.1750000000000007,-0.165,,0.2763999999999953,-3.424820000000004,-8.174421419549017,12.75,6.96,-9.0692124105012,-7.2016460905349895,-1.5845070422535186,0.2362699999999904,1.0750000000000028,2002,7
2002-08-01,-0.2279999999999997,-0.1950000000000002,,0.1658400000000028,-0.3403300000000016,0.4305470531686739,13.39,6.84,-13.648293963254591,-8.203991130820402,-5.545617173524144,0.2953400000000101,0.9429999999999978,2002,8
2002-09-01,-0.1944999999999996,-0.1974999999999998,,0.2763900000000063,-3.62379,-10.173403794390946,13.31,6.91,-10.638297872340427,-12.31884057971014,-6.060606060606066,0.1771999999999991,0.9480000000000076,2002,9
2002-10-01,-0.0075000000000002,0.0199999999999995,,0.2763999999999953,4.0019300000000015,7.5085899306337955,12.86,6.94,0.3401360544217766,8.264462809917363,4.435483870967737,0.2362600000000014,0.9549999999999984,2002,10
2002-11-01,-0.0359999999999995,-0.0445000000000002,,0.3316700000000026,3.7821500000000015,5.855825477112079,14.01,6.95,3.389830508474564,7.37913486005088,0.0,0.1771999999999991,0.9339999999999976,2002,11
2002-12-01,-0.0140000000000002,-0.0204999999999992,,0.2763999999999953,-3.63597,-5.691596642928435,13.49,7.0,-0.6557377049180334,-9.241706161137431,-0.965250965250962,0.1771999999999991,0.9539999999999936,2002,12
2003-01-01,-0.1459999999999999,-0.1314999999999999,,0.4422300000000092,-0.3705199999999991,-2.614347576289205,13.17,7.17,0.6600660066006607,4.438642297650128,0.1949317738791381,0.4725399999999951,0.8390000000000128,2003,1
2003-02-01,-0.0840000000000005,-0.0735000000000001,,0.1658399999999886,0.4215299999999971,-1.876549699231952,13.42,7.15,-4.918032786885243,-7.250000000000001,-2.3346303501945544,0.5906599999999997,0.8949999999999818,2003,2
2003-03-01,-0.1549999999999993,-0.0975000000000001,,0.2764000000000095,0.0926299999999997,0.9941634983828138,13.05,7.21,-4.137931034482762,3.234501347708898,0.1992031872510095,0.1771999999999991,0.7920000000000016,2003,3
2003-04-01,0.0524999999999993,0.0674999999999999,,0.2763899999999921,3.1251099999999994,8.074038861430513,13.5,7.23,5.395683453237423,1.5665796344647531,1.9880715705765333,-0.4134600000000006,0.7369999999999948,2003,4
2003-05-01,-0.2574999999999994,-0.3285,,0.2764000000000095,3.339800000000004,5.94025219149037,13.9,7.24,-13.99317406143345,-13.367609254498714,-7.212475633528268,-0.1771999999999991,0.8500000000000227,2003,5
2003-06-01,-0.2324999999999999,-0.2539999999999995,,0.1658299999999997,0.6824299999999965,1.339969723776833,13.54,7.37,-9.92063492063492,5.044510385756674,-2.941176470588229,0.1181300000000078,0.914999999999992,2003,6
2003-07-01,0.3399999999999998,0.4024999999999998,,0.2763999999999953,2.847970000000004,2.277456373984573,14.24,7.44,26.43171806167401,26.8361581920904,11.038961038961034,0.3543999999999982,1.1260000000000048,2003,7
2003-08-01,0.6204999999999998,0.6315,,0.2211199999999991,1.9142999999999968,2.25396554180703,13.29,7.56,17.421602787456443,-0.8908685968819607,6.23781676413256,0.4725399999999951,1.1920000000000073,2003,8
2003-09-01,-0.1305000000000005,-0.1165000000000002,,0.2763900000000063,-0.5966499999999968,-1.2371883958000822,14.13,7.69,-5.637982195845695,-11.011235955056184,-3.11926605504587,0.3543999999999982,1.3259999999999934,2003,9
2003-10-01,-0.1834999999999995,-0.1955,,0.1105599999999924,3.686729999999997,5.957088865412706,14.79,7.81,0.3144654088050247,9.343434343434346,0.3787878787878707,-0.1181399999999968,1.2390000000000043,2003,10
2003-11-01,-0.0015,-0.0194999999999998,,0.2763999999999953,0.7118600000000015,1.248964469361889,14.39,7.94,3.134796238244517,0.2309468822170851,-0.943396226415091,0.0590700000000055,1.2620000000000005,2003,11
2003-12-01,-0.0685000000000002,-0.0564999999999997,,0.1658299999999997,1.094070000000002,4.321867849728815,14.34,8.12,-0.6079027355623106,-1.6129032258064582,-0.7619047619047626,0.2953299999999927,1.3859999999999957,2003,12
2004-01-01,-0.189,-0.1634999999999999,,0.2211199999999991,1.5932599999999937,2.1257189648939208,14.34,8.18,-4.58715596330275,-2.576112412177973,-1.5355086372360858,0.4725399999999951,1.4669999999999843,2004,1
2004-02-01,-0.0774999999999996,-0.0775000000000005,,0.2764000000000095,-0.921999999999997,1.3028128084094754,14.47,8.18,-1.602564102564111,-4.08653846153846,-0.974658869395708,0.2362600000000014,1.545000000000016,2004,2
2004-03-01,-0.1974999999999998,-0.1899999999999995,,0.2763899999999921,-0.9034800000000018,-1.1945806143269917,14.91,8.37,-9.120521172638432,-3.2581453634085293,-3.543307086614168,0.2362700000000046,1.8669999999999904,2004,3
2004-04-01,0.4180000000000001,0.3849999999999998,,0.3316800000000057,-1.879779999999997,-2.226204666866883,16.45,8.38,21.505376344086024,17.357512953367884,7.755102040816324,0.1771999999999991,1.5330000000000157,2004,4
2004-05-01,0.4794999999999998,0.4399999999999995,,0.3316700000000026,1.689949999999996,1.2285839910341796,15.05,8.53,13.569321533923304,2.8697571743929338,4.3560606060605975,0.4725300000000061,1.5909999999999798,2004,5
2004-06-01,0.0224999999999999,0.0175,,0.3316799999999915,1.54936,1.9981303703416688,15.21,8.55,2.0779220779220795,-0.858369098712447,-0.5444646098003514,0.4134699999999895,1.6640000000000157,2004,6
2004-07-01,-0.1959999999999997,-0.2314999999999996,,0.2763900000000063,-4.071469999999998,-3.840249915354175,15.46,8.59,-6.106870229007639,-2.5974025974026,-3.102189781021913,0.118140000000011,1.4879999999999995,2004,7
2004-08-01,-0.2040000000000006,-0.1885000000000003,,0.3316800000000057,-1.2501400000000018,0.1760772260738099,15.54,8.67,-5.962059620596199,-8.222222222222225,-3.013182674199609,0.0590599999999881,1.2959999999999925,2004,8
2004-09-01,-0.1159999999999996,-0.1135000000000001,,0.2763899999999921,1.4907299999999992,1.474553546615104,15.33,8.7,-3.170028818443813,0.2421307506053217,-3.300970873786406,0.3544000000000125,1.5459999999999925,2004,9
2004-10-01,-0.0289999999999999,-0.0314999999999994,,0.1658400000000028,1.9833300000000025,1.493788260144452,15.39,8.8,-0.2976190476190413,-2.1739130434782576,-0.8032128514056232,0.5906699999999887,1.5730000000000075,2004,10
2004-11-01,0.0199999999999995,0.0075000000000002,,0.1658400000000028,3.0916,4.4819768046440025,14.64,8.84,5.3731343283582005,7.654320987654334,0.2024291497975665,0.5316000000000116,1.7779999999999916,2004,11
2004-12-01,0.0430000000000001,0.0219999999999993,,0.3316699999999883,1.995510000000003,3.457477786544452,16.55,8.91,1.9830028328611984,-2.752293577981653,-0.8080808080808087,0.0,1.802000000000021,2004,12
2005-01-01,-0.0054999999999996,-0.0419999999999998,,0.3316800000000057,-2.86853,-2.712806882175621,15.89,9.04,3.055555555555552,-2.358490566037748,-2.851323828920582,-0.0590700000000055,1.9579999999999984,2005,1
2005-02-01,-0.0224999999999999,-0.0824999999999995,-0.0149999999999996,0.3316700000000026,-0.2712900000000005,2.000037095461759,16.08,9.18,1.617250673854449,5.314009661835764,-4.40251572327044,0.4725399999999951,2.055999999999983,2005,2
2005-03-01,0.314,0.3004999999999995,0.2735000000000003,0.2763999999999953,-1.3321200000000033,-1.8765040183946649,15.24,9.08,10.610079575596815,3.21100917431192,4.605263157894736,0.4134700000000038,2.4680000000000177,2005,3
2005-04-01,-0.0565000000000006,-0.0729999999999995,-0.0310000000000005,0.3316800000000057,-1.96886,-2.3174746282130103,16.26,9.12,-4.0767386091127085,-6.4444444444444455,-2.5157232704402355,0.3543999999999982,1.688999999999993,2005,4
2005-05-01,-0.1274999999999995,-0.1350000000000006,-0.1374999999999993,0.2763899999999921,3.7197200000000015,3.614410714703457,17.5,9.13,-3.749999999999998,-4.988123515439429,-3.440860215053766,-0.0590700000000055,1.8499999999999943,2005,5
2005-06-01,-0.1120000000000001,-0.1379999999999999,-0.0635000000000003,0.2764000000000095,-0.2857600000000033,0.6642701598961818,16.79,9.13,-2.0779220779220795,-1.500000000000001,-4.677060133630288,0.0590700000000055,1.8389999999999984,2005,6
2005-07-01,0.1094999999999997,0.1130000000000004,0.1535000000000002,0.3869499999999988,3.2451399999999992,4.020013082575774,16.39,9.2,5.570291777188328,8.62944162436549,2.3364485981308327,0.7087999999999965,1.6690000000000111,2005,7
2005-08-01,0.1225000000000005,0.125,0.1174999999999997,0.2211199999999991,-0.8308899999999966,-1.088277759439615,16.49,9.33,3.517587939698496,-6.074766355140202,1.3698630136986416,0.7088000000000108,1.5829999999999984,2005,8
2005-09-01,-0.0420000000000007,-0.0460000000000002,-0.0250000000000003,0.3316700000000026,-0.0101500000000029,0.6867746611678103,16.31,9.45,-2.669902912621367,7.9601990049751326,0.2252252252252204,1.5947999999999922,1.9950000000000043,2005,9
2005-10-01,0.2670000000000003,0.2910000000000003,0.2575000000000003,0.3316799999999915,-0.7966300000000004,-1.9469349887420688,16.18,9.55,7.980049875311729,5.299539170506922,4.269662921348303,0.1771999999999991,1.5909999999999798,2005,10
2005-11-01,0.2374999999999998,0.2649999999999997,0.2275,0.3316700000000026,2.855580000000004,3.760298066928408,16.33,9.71,2.7713625866050835,-1.7505470459518613,1.2931034482758728,-0.5906700000000029,1.65300000000002,2005,11
2005-12-01,-0.0464999999999999,-0.0579999999999998,-0.0110000000000001,0.2211199999999991,-0.6979000000000042,0.0045631551793598,16.62,9.76,-1.348314606741584,-2.227171492204912,-1.7021276595744694,0.0,1.228999999999985,2005,12
2006-01-01,-0.1059999999999998,-0.1270000000000006,-0.024,0.2763900000000063,2.550530000000002,3.4639013725894943,16.63,9.89,-0.9111617312072902,3.189066059225526,-1.0822510822510785,0.7088000000000108,1.4099999999999966,2006,1
2006-02-01,0.1500000000000003,0.1075000000000008,0.1575000000000006,0.3869600000000019,-0.6199900000000014,-0.2237425812235912,17.42,9.9,5.057471264367831,0.4415011037527499,0.0,0.0590699999999912,0.9660000000000082,2006,2
2006-03-01,0.1079999999999996,0.0714999999999994,0.0644999999999997,0.3869499999999988,1.4821000000000026,1.708527108887201,19.11,9.83,3.282275711159725,6.813186813186825,3.5010940919037226,0.1771999999999991,1.0769999999999982,2006,3
2006-04-01,0.1870000000000002,0.1835000000000004,0.1704999999999996,0.3869600000000019,-0.4370199999999968,0.99789565387488,17.37,9.62,3.8135593220339112,4.320987654320986,6.976744186046494,0.5906700000000029,-0.0339999999999918,2006,4
2006-05-01,0.0499999999999998,0.0899999999999998,0.0650000000000003,0.442229999999995,-3.646630000000002,-3.3959640941774545,16.09,9.6,2.0408163265306047,0.986193293885598,2.766798418972344,0.3543999999999982,-0.1730000000000018,2006,5
2006-06-01,0.1009999999999999,0.0845000000000002,0.0625,0.4975099999999912,-0.1723199999999991,0.0503080749524222,17.42,9.34,1.4000000000000057,0.5859375000000049,-0.961538461538458,0.295330000000007,-0.6490000000000009,2006,6
2006-07-01,0.0839999999999996,0.0804999999999998,0.0774999999999996,0.4422400000000124,-2.0460100000000025,-0.2196101390657608,16.54,9.13,-0.5917159763313657,-3.106796116504857,-0.3883495145631158,0.6497399999999942,-0.4380000000000166,2006,7
2006-08-01,-0.1919999999999992,-0.2385000000000001,-0.1754999999999995,0.4975099999999912,2.341920000000002,2.118098307802919,16.14,8.88,-4.36507936507936,-5.01002004008016,-2.534113060428848,0.5315999999999974,-0.4729999999999847,2006,8
2006-09-01,-0.1205000000000007,-0.1215000000000001,-0.1020000000000003,0.4975100000000054,1.8952699999999965,2.0765477018111547,16.75,8.64,-3.112033195020754,-2.109704641350222,-3.000000000000007,-0.5906699999999887,0.204999999999984,2006,9
2006-10-01,-0.0274999999999998,-0.0449999999999999,0.0075000000000002,0.442229999999995,2.7479800000000054,3.522173086737613,15.59,8.37,0.4282655246252775,-0.6465517241379173,0.0,-0.5316000000000116,0.4010000000000104,2006,10
2006-11-01,-0.0939999999999994,-0.1174999999999997,-0.0655000000000001,0.4422399999999982,1.6511199999999988,2.029614067401502,15.25,8.22,-2.345415778251606,-3.253796095444693,-3.298969072164933,0.0590700000000055,0.4099999999999966,2006,11
2006-12-01,-0.0760000000000005,-0.1050000000000004,-0.0769999999999999,0.5527900000000017,-0.4182400000000044,1.0245429789136895,15.09,8.05,-1.091703056768555,5.605381165919283,-0.2132196162047052,0.6497300000000052,0.5289999999999964,2006,12
2007-01-01,0.0849999999999999,0.0825000000000004,0.0774999999999996,0.4129300000000029,1.234410000000004,1.8004611789547782,15.01,7.79,4.856512141280348,2.5477707006369448,3.632478632478632,0.1990499999999997,0.3780000000000143,2007,1
2007-02-01,0.0549999999999997,0.0674999999999999,-0.0224999999999999,0.5522399999999976,-1.2125800000000029,-1.7820206070731253,13.18,7.69,-0.8421052631578954,-5.590062111801252,-0.6185567010309148,0.4660399999999924,0.079999999999984,2007,2
2007-03-01,-0.1359999999999992,-0.1290000000000004,-0.096,0.4438900000000103,0.1393199999999979,0.9860125084123122,13.12,7.57,-4.883227176220797,1.9736842105263324,-2.0746887966805088,0.6272900000000021,-0.4489999999999838,2007,3
2007-04-01,-0.0015,0.024,0.0084999999999997,0.3377600000000029,2.6254100000000093,3.907117079492045,12.76,7.47,2.45535714285713,-0.4301075268817303,3.1779661016949228,0.3638499999999993,-1.1410000000000196,2007,4
2007-05-01,0.0854999999999996,0.0819999999999998,0.0655000000000001,0.3847399999999936,2.015809999999988,3.45058531963048,12.78,7.3,1.7429193899782152,5.831533477321824,0.6160164271047278,0.5026600000000059,-1.407999999999987,2007,5
2007-06-01,0.3719999999999999,0.3955000000000002,0.3269999999999999,0.3465999999999951,-0.0327399999999897,-1.7266208024887653,12.2,7.22,7.708779443254825,2.653061224489793,6.122448979591832,0.2829299999999932,-1.3449999999999989,2007,6
2007-07-01,0.0200000000000004,0.0375000000000005,0.0175,0.394139999999993,-1.4455600000000004,-3.4928850221960266,12.08,7.09,-2.982107355864818,-4.970178926441352,-1.7307692307692282,0.217960000000005,-1.141999999999996,2007,7
2007-08-01,-0.1260000000000003,-0.1230000000000002,0.0095,0.2918800000000203,1.2712099999999964,1.1902835238012417,12.41,6.82,-9.22131147540984,-5.020920502092054,-3.522504892367918,0.03779999999999,-0.992999999999995,2007,8
2007-09-01,-0.1864999999999996,-0.1894999999999997,-0.1194999999999995,0.3952399999999727,2.668289999999999,3.445037082440024,10.85,6.67,-5.191873589164776,1.1013215859030798,-2.839756592292083,0.5197900000000004,-0.5589999999999975,2007,9
2007-10-01,-0.0075000000000002,-0.0075000000000002,-0.1200000000000001,0.5201800000000105,4.000150000000005,1.8092127140850969,11.38,6.49,0.0,-2.396514161220032,-0.4175365344467737,0.3797899999999998,-0.9350000000000024,2007,10
2007-11-01,-0.1900000000000004,-0.1669999999999998,-0.1785000000000005,0.4881200000000092,-5.028990000000007,-4.651198304842019,11.28,6.25,-12.619047619047624,-11.383928571428577,-5.241090146750524,0.9710600000000084,-1.4790000000000134,2007,11
2007-12-01,-0.0974999999999992,-0.1130000000000004,-0.0539999999999993,0.4477599999999881,-0.2202899999999914,-0.7797131851341453,10.31,6.11,-4.904632152588548,1.7632241813601974,0.2212389380531123,0.3609000000000009,-0.8059999999999832,2007,12
2008-01-01,-0.4645000000000001,-0.3369999999999997,-0.4080000000000003,0.3559999999999945,-6.659810000000007,-6.170484430350394,10.04,5.92,-14.61318051575932,-9.15841584158416,-4.415011037527598,0.4305999999999983,-1.2090000000000032,2008,1
2008-02-01,0.1520000000000001,0.1595000000000004,-0.1520000000000001,0.31122000000002,-3.0043000000000006,-3.2163023366058017,9.3,5.78,-6.71140939597316,-3.814713896457769,4.3879907621247005,0.3030100000000004,-1.592000000000013,2008,2
2008-03-01,-0.0200000000000004,0.0524999999999993,0.2374999999999998,0.3316700000000026,0.1933800000000047,-0.8501244801149246,9.04,5.63,-10.791366906474812,-2.2662889518413496,-2.8761061946902635,0.4495000000000004,-1.4879999999999995,2008,3
2008-04-01,0.0449999999999999,-0.0524999999999993,0.04,0.4184599999999818,3.393099999999997,4.868447354191742,7.95,5.52,14.51612903225806,9.275362318840576,1.1389521640091278,0.2917899999999918,-1.7139999999999986,2008,4
2008-05-01,0.1349999999999998,0.1184999999999991,0.0625,0.2708700000000021,2.788080000000001,1.886821482496074,8.79,5.32,10.915492957746482,7.692307692307682,3.6036036036035854,0.7477800000000059,-1.6779999999999973,2008,5
2008-06-01,0.3100000000000005,0.2840000000000007,0.1325000000000002,0.5279199999999946,-5.82893,-8.294597922614937,8.5,5.11,10.793650793650803,-1.7241379310344682,1.9565217391304512,1.3319599999999951,-1.6409999999999911,2008,6
2008-07-01,0.0620000000000002,0.1059999999999998,0.1535000000000002,0.4383600000000172,0.8265799999999999,-1.0007447596699024,8.31,4.89,-5.444126074498578,0.0,-2.558635394456292,0.9173000000000116,-1.4490000000000125,2008,7
2008-08-01,0.0529999999999999,0.0514999999999998,0.0964999999999998,0.4422399999999982,1.0651300000000037,1.3627124428583912,7.12,4.79,-4.84848484848484,-4.010025062656645,-1.5317286652078836,-0.1925500000000113,-1.578000000000003,2008,8
2008-09-01,-0.3850000000000007,-0.4400000000000004,-0.1399999999999996,0.3869499999999846,-7.237680000000003,-9.46062241360763,8.2,4.56,-8.28025477707007,0.522193211488251,-5.1111111111111205,0.1104500000000143,-1.681999999999988,2008,9
2008-10-01,0.2520000000000006,0.1625000000000005,0.2094999999999993,0.4085100000000068,-9.17127,-17.706162329385595,7.49,4.37,-5.20833333333333,4.155844155844148,-2.341920374707252,-1.1116400000000226,-1.9840000000000089,2008,10
2008-11-01,-0.1020000000000003,-0.1124999999999998,-0.1169999999999999,0.3549000000000148,-4.704650000000001,-8.283026658040269,7.54,4.17,-16.117216117216117,-26.93266832917705,-4.0767386091127085,-2.269339999999985,-2.187000000000012,2008,11
2008-12-01,-0.7519999999999998,-0.8015000000000008,-0.3249999999999993,0.2410099999999886,1.052190000000003,1.4643869263808795,6.86,3.97,-33.624454148471614,-23.208191126279868,-28.25,-1.0366199999999992,-2.5239999999999725,2008,12
2009-01-01,-0.3205,-0.2384999999999992,-0.3375000000000003,0.3156500000000051,-2.5533300000000025,-8.298312621845701,5.66,3.83,5.263157894736847,27.55555555555556,9.059233449477343,0.3160099999999914,-2.112000000000023,2009,1
2009-02-01,0.0549999999999997,0.0824999999999995,-0.165,0.2382499999999936,-2.501809999999999,-10.710498764097858,5.35,3.66,16.875,5.226480836236931,14.696485623003197,0.4559899999999999,-1.4919999999999902,2009,2
2009-03-01,-0.1349999999999998,-0.1274999999999995,-0.1449999999999995,0.2222199999999929,3.825800000000001,8.476457199685209,5.45,3.44,-2.6737967914438525,-10.264900662251655,1.3927576601671383,-0.1240399999999937,-1.3530000000000086,2009,3
2009-04-01,-0.1375000000000001,-0.1925000000000007,-0.1265,0.2437800000000152,4.789169999999999,10.339652879980376,5.32,3.27,2.1978021978022,16.60516605166052,3.296703296703287,0.1264000000000038,-0.7099999999999795,2009,4
2009-05-01,0.0149999999999996,0.0475000000000003,-0.0435000000000007,0.2028799999999933,1.447340000000004,5.044316118665238,4.92,3.16,14.516129032258052,9.810126582278482,12.500000000000016,0.1848799999999926,-0.2540000000000191,2009,5
2009-06-01,0.3875000000000002,0.5625,0.1625000000000005,0.0978399999999908,1.5407200000000003,0.2307073170177812,5.07,3.14,27.23004694835681,1.7291066282420635,6.85579196217492,1.044300000000007,0.3930000000000007,2009,6
2009-07-01,-0.2104999999999997,-0.1979999999999995,-0.1909999999999998,-0.0209999999999865,3.640799999999999,7.655945210739151,5.0,3.16,-9.22509225092251,-0.283286118980164,-2.433628318584059,-0.0378000000000042,0.3190000000000168,2009,7
2009-08-01,-0.0795000000000003,-0.0295000000000005,-0.1240000000000005,0.0088399999999921,0.7755599999999987,3.508528292120393,5.17,3.11,4.471544715447149,-3.4090909090909123,-0.9070294784580506,0.4246899999999982,-0.1340000000000145,2009,8
2009-09-01,-0.1200000000000001,-0.1349999999999998,-0.1499999999999994,-0.0541699999999991,2.876899999999999,4.004760360180425,4.81,3.14,-7.782101167315165,-2.647058823529408,-4.118993135011436,0.2457200000000057,-0.2529999999999859,2009,9
2009-10-01,-0.1025,-0.1055000000000001,-0.1360000000000001,-0.1669499999999857,-1.96201,-2.5543238789055684,5.26,3.08,-1.6877637130801704,3.021148036253779,0.0,0.3827500000000015,-0.1730000000000018,2009,10
2009-11-01,-0.0474999999999994,-0.0769999999999999,-0.1265,-0.1000500000000101,2.5249099999999984,5.551174177877414,5.67,3.01,-4.291845493562235,-5.865102639296193,2.863961813842463,0.4282299999999992,0.2869999999999777,2009,11
2009-12-01,0.0495000000000001,0.0549999999999997,0.0644999999999997,-0.0613600000000076,3.160879999999999,2.530643105258267,4.93,3.0,4.932735426008963,19.93769470404985,4.176334106728553,0.0667499999999847,-0.2039999999999793,2009,12
2010-01-01,0.0429999999999992,0.1000000000000005,-0.0119999999999995,0.0298500000000103,-3.091090000000001,-3.5631996039306166,4.48,2.99,5.982905982905988,-5.714285714285719,2.4498886414253773,0.083280000000002,-0.5360000000000014,2010,1
2010-02-01,-0.0674999999999999,-0.04,-0.1350000000000006,-0.0022099999999909,2.30715,3.1333323563828777,4.56,3.02,-4.838709677419359,-0.5509641873278243,0.4347826086956622,-0.1222599999999829,-1.7630000000000052,2010,2
2010-03-01,-0.0374999999999996,-0.0224999999999999,-0.0874999999999994,0.0757299999999929,4.052940000000007,6.068087159185376,4.91,3.06,2.9661016949152663,6.3711911357340725,0.4329004329004236,0.0425199999999961,0.2270000000000038,2010,3
2010-04-01,0.088,0.1304999999999996,-0.0055000000000005,0.0596999999999923,1.6046799999999948,2.0114100063093723,5.56,3.07,6.172839506172836,-3.906249999999998,1.0775862068965671,0.0295399999999972,0.5420000000000016,2010,4
2010-05-01,-0.1405000000000003,-0.2104999999999997,-0.1419999999999994,0.0574900000000013,-5.181010000000001,-8.1108148036522,5.18,3.01,-15.503875968992244,-10.298102981029809,-8.52878464818764,-0.0667500000000131,-0.0100000000000193,2010,5
2010-06-01,-0.1025,-0.1500000000000003,-0.0525000000000002,0.144280000000009,-3.7509299999999968,-5.665511427171772,6.84,2.82,-8.256880733944962,-10.271903323262835,-3.729603729603733,-0.0537499999999795,-0.6729999999999734,2010,6
2010-07-01,-0.1349999999999998,-0.1734999999999997,-0.1095000000000001,0.0724199999999939,3.69155,6.796395478167612,4.7,2.77,-12.0,-1.0101010101010184,-3.389830508474569,0.2398100000000056,-0.731000000000023,2010,7
2010-08-01,-0.1324999999999998,-0.1364999999999998,-0.2104999999999997,-0.0619200000000148,-3.569989999999997,-4.878408376885426,4.73,2.73,-16.47727272727273,-15.986394557823122,-4.761904761904772,0.187829999999991,-1.0769999999999982,2010,8
2010-09-01,-0.0975000000000001,-0.0815000000000001,-0.0355000000000003,0.1752400000000022,6.461099999999995,9.144853159764052,4.84,2.7,-4.081632653061228,2.429149797570834,-0.7894736842105211,0.2079200000000014,-0.8969999999999914,2010,9
2010-10-01,-0.1499999999999999,-0.1210000000000004,-0.0919999999999996,-0.0016599999999868,3.522269999999999,3.7769100924270056,4.79,2.66,-16.31205673758865,3.9525691699604777,2.6525198938992065,0.4489099999999837,-0.4879999999999995,2010,10
2010-11-01,0.0224999999999999,0.0750000000000001,-0.0775000000000001,0.2885599999999897,-0.2329699999999945,0.3125758129086404,4.32,2.66,14.406779661016964,6.844106463878333,8.268733850129205,0.3278200000000026,-0.3540000000000134,2010,11
2010-12-01,0.3754999999999997,0.4140000000000006,0.3035000000000001,0.2537300000000186,3.924529999999997,6.69410306140936,4.54,2.62,42.96296296296295,17.437722419928818,5.489260143198079,0.5209600000000023,-0.1089999999999804,2010,12
2011-01-01,0.0295000000000005,0.0409999999999994,0.0389999999999997,0.2769499999999993,1.1981099999999998,2.055815692499237,4.23,2.6,3.108808290155443,3.63636363636364,2.262443438914019,0.4223300000000165,-0.5340000000000202,2011,1
2011-02-01,0.1274999999999995,0.1974999999999998,0.1049999999999999,0.2067399999999963,2.0858599999999967,3.3644656669937048,4.81,2.53,13.56783919597989,0.0,2.876106194690283,0.4199699999999779,-1.1709999999999925,2011,2
2011-03-01,-0.1349999999999998,-0.1164999999999993,-0.1519999999999997,0.2150399999999876,-0.0304599999999908,0.2148570834302687,3.68,2.53,-6.637168141592917,1.461988304093575,-3.010752688172055,0.6780800000000227,-0.3709999999999809,2011,3
2011-04-01,-0.0250000000000003,0.0039999999999995,-0.0130000000000003,0.1647299999999916,2.34675,2.803683139653555,4.33,2.49,2.8436018957346,-4.322766570605197,-0.2217294900221682,0.6184299999999894,0.0229999999999961,2011,4
2011-05-01,-0.2324999999999999,-0.2024999999999996,-0.2124999999999999,0.2106100000000026,-0.970470000000006,-1.3837016224228298,4.43,2.46,-15.207373271889391,-8.13253012048193,-4.666666666666666,0.4211500000000114,-0.108000000000004,2011,5
2011-06-01,-0.1284999999999998,-0.1275000000000004,-0.1564999999999998,0.2222300000000245,-1.5678800000000024,-1.9163103187054809,4.53,2.46,-14.130434782608695,4.262295081967225,-1.3986013986013894,0.0,-0.0420000000000015,2011,6
2011-07-01,-0.0139999999999997,0.0350000000000001,-0.0085000000000001,0.2415699999999958,-0.4349899999999991,-2.256855036388399,4.88,2.42,-2.531645569620255,-11.320754716981142,0.9456264775413508,0.3478999999999814,-0.1310000000000002,2011,7
2011-08-01,-0.2200000000000002,-0.2750000000000003,-0.1624999999999996,0.4820299999999804,-4.489959999999996,-6.182303498967135,4.79,2.38,-33.76623376623377,-20.921985815602834,-14.519906323185005,0.4199700000000064,-0.4209999999999922,2011,8
2011-09-01,-0.1419999999999999,-0.1639999999999997,-0.125,0.3316700000000026,-4.163589999999999,-7.803182037462954,4.26,2.37,-11.76470588235294,-13.901345291479824,-12.876712328767118,0.2900099999999952,-0.6400000000000148,2011,9
2011-10-01,0.0295,-0.0384999999999999,0.0374999999999996,0.4179100000000062,6.827060000000003,11.23705734189061,4.38,2.35,17.777777777777782,13.020833333333334,-1.5723270440251655,0.0903800000000103,-0.7150000000000034,2011,10
2011-11-01,-0.0424999999999999,-0.0749999999999997,-0.0724999999999997,0.3073599999999885,-1.6260000000000048,-0.5646725727259205,4.62,2.36,-14.150943396226417,-4.1474654377880125,-3.514376996805108,0.2474799999999959,-0.7990000000000066,2011,11
2011-12-01,-0.0590000000000001,-0.0344999999999999,-0.0710000000000001,0.3278000000000247,-0.3854900000000043,0.7369587997278967,4.62,2.36,-2.1978021978022,-9.134615384615392,-1.3245033112582794,0.0319000000000073,-0.4779999999999802,2011,12
2012-01-01,-0.0459999999999998,-0.0430000000000001,-0.0464999999999999,0.2581599999999753,5.296230000000008,4.818714881748534,3.92,2.41,-5.6179775280898925,-3.174603174603166,1.6778523489932826,0.3656199999999785,-0.0670000000000072,2012,1
2012-02-01,-0.0375,-0.0249999999999999,-0.0249999999999999,0.3178500000000213,3.8841699999999975,3.9902159970197246,4.21,2.45,-1.1904761904761916,8.196721311475406,2.640264026402643,0.2876600000000167,-0.0759999999999934,2012,2
2012-03-01,0.0354999999999998,0.064,0.0535000000000001,0.272529999999989,3.1641800000000018,2.9418441004222133,4.34,2.46,22.89156626506025,12.626262626262626,5.466237942122184,0.2823400000000049,1.3739999999999952,2012,3
2012-04-01,-0.0554999999999998,-0.044,-0.0310000000000001,0.3548900000000117,-1.1473600000000062,-0.8189799501817231,4.94,2.46,-12.745098039215684,-12.556053811659194,-3.0487804878048674,0.2244499999999902,1.25,2012,4
2012-05-01,-0.1085000000000002,-0.1120000000000001,-0.0030000000000001,0.2786099999999862,-5.558390000000003,-6.382295445899362,4.75,2.53,-14.606741573033707,-18.461538461538453,-7.861635220125786,-0.2799699999999916,1.0,2012,5
2012-06-01,-0.0814999999999996,-0.1230000000000002,-0.032,0.2277500000000145,2.733770000000007,3.7786596973131767,4.82,2.57,-6.5789473684210575,5.031446540880494,-7.849829351535835,-0.1116400000000226,0.8739999999999952,2012,6
2012-07-01,-0.1074999999999999,-0.125,-0.0599999999999996,0.3222700000000031,0.113190000000003,0.9295059444665842,4.74,2.62,-12.676056338028166,-9.580838323353287,-4.074074074074085,0.0389800000000093,0.63900000000001,2012,7
2012-08-01,0.0149999999999996,0.052,0.0319999999999995,0.2891099999999937,3.2342299999999966,2.1428084911038496,4.92,2.65,14.51612903225806,3.973509933774838,6.949806949806956,0.7844100000000083,0.6099999999999852,2012,8
2012-09-01,-0.0574999999999996,-0.1044999999999998,-0.0369999999999999,0.3432899999999961,1.250399999999999,2.4232529388492723,5.12,2.71,-5.633802816901398,5.095541401273875,3.9711191335740015,0.6479599999999834,0.6299999999999955,2012,9
2012-10-01,-0.1100000000000003,-0.1150000000000002,0.0024999999999999,0.5588699999999847,-3.527609999999996,-1.8829332176054208,5.25,2.75,5.970149253731331,4.242424242424246,0.6944444444444451,0.3679900000000202,0.6940000000000168,2012,10
2012-11-01,-0.0304999999999999,-0.0304999999999999,-0.0034999999999998,0.2797100000000228,0.8377399999999966,0.3878876308449304,5.13,2.79,-5.633802816901398,-5.813953488372086,-3.448275862068969,-0.229770000000002,0.9849999999999852,2012,11
2012-12-01,-0.0044999999999997,-0.0069999999999996,-0.0339999999999998,0.2940899999999828,0.2352599999999967,1.0097921460912622,5.25,2.84,4.477611940298495,9.876543209876536,2.85714285714286,-0.016539999999992,0.9180000000000064,2012,12
2013-01-01,0.0384999999999999,0.0689999999999999,-0.016,0.3184100000000001,3.111910000000009,5.302881240477302,5.56,2.85,15.714285714285731,13.48314606741573,6.94444444444445,0.2705299999999795,1.335000000000008,2013,1
2013-02-01,0.0714999999999999,0.1185,-0.0540000000000002,0.3642900000000111,0.4583299999999894,1.063364848511264,5.78,2.92,4.938271604938262,-6.435643564356441,2.9220779220779174,0.7430500000000109,0.938999999999993,2013,2
2013-03-01,-0.0100000000000002,0.0324999999999997,0.0024999999999999,0.3864000000000089,2.723870000000005,3.7011018897395935,6.04,2.95,-3.529411764705886,-1.0582010582010477,-0.3154574132492046,-0.3868799999999908,2.1829999999999927,2013,3
2013-04-01,-0.0974999999999997,-0.1200000000000001,-0.02,0.2714199999999778,1.554940000000002,1.633576077435526,5.24,3.02,-13.41463414634146,-9.0909090909091,-7.278481012658227,-0.2864800000000116,1.5620000000000118,2013,4
2013-05-01,0.0619999999999998,0.0910000000000001,-0.0024999999999999,0.4129300000000171,3.226109999999992,2.064946993715833,5.49,3.06,18.30985915492958,27.05882352941177,6.143344709897601,0.0567100000000095,1.3360000000000127,2013,5
2013-06-01,0.4455,0.5340000000000003,0.2400000000000002,0.3372099999999989,-1.336429999999993,-1.4323443884484397,5.32,3.14,42.85714285714285,16.66666666666666,9.324758842443732,0.3260499999999808,1.343999999999994,2013,6
2013-07-01,0.2625000000000002,0.2999999999999998,0.3224999999999998,0.2316199999999924,5.662440000000004,5.318061361005977,5.78,3.18,16.666666666666664,3.174603174603177,6.176470588235293,0.2687500000000113,1.4069999999999825,2013,7
2013-08-01,0.0579999999999998,0.0860000000000003,0.0375,0.5345399999999927,-0.9263100000000009,-3.105450166721154,5.71,3.22,8.57142857142858,6.923076923076913,4.15512465373961,0.328409999999991,1.3640000000000043,2013,8
2013-09-01,0.0344999999999999,0.0339999999999998,-0.04,0.2642400000000009,4.6089800000000025,3.3997983148060817,5.77,3.23,5.263157894736847,-5.035971223021572,0.7978723404255386,0.0519800000000145,1.2590000000000146,2013,9
2013-10-01,-0.2484999999999999,-0.298,-0.1480000000000001,0.2802599999999984,3.761849999999996,4.19021520961579,6.04,3.22,-14.374999999999998,-2.651515151515162,-2.902374670184693,0.0738299999999867,1.0109999999999957,2013,10
2013-11-01,0.0234999999999998,0.0629999999999997,-0.0569999999999999,0.3123300000000029,3.557549999999992,2.676034935039295,6.01,3.27,0.0,7.003891050583665,3.2608695652173822,0.2545800000000042,0.8290000000000077,2013,11
2013-12-01,0.185,0.2024999999999996,0.0075000000000002,0.4604800000000182,2.961670000000012,2.416176058164323,5.6,3.35,15.328467153284668,10.545454545454549,2.368421052631587,0.3656200000000069,0.924999999999983,2013,12
2014-01-01,-0.0024999999999999,-0.0254999999999991,0.1414999999999997,0.3858499999999765,-1.8452700000000133,-3.243716861433237,5.97,3.35,4.430379746835433,-12.17105263157895,-3.0848329048843217,0.3360899999999844,0.962999999999994,2014,1
2014-02-01,-0.1299999999999999,-0.1295000000000001,-0.0489999999999999,0.3001600000000053,5.183290000000014,4.397738175811231,6.29,3.34,-7.878787878787873,-0.3745318352059845,-2.917771883289121,0.1529900000000168,0.5690000000000168,2014,2
2014-03-01,0.0099999999999997,0.04,-0.0049999999999998,0.4864599999999939,-2.769550000000009,0.5458404107619497,6.29,3.37,7.894736842105256,2.631578947368415,-1.0928961748633887,0.2841099999999983,0.5699999999999932,2014,3
2014-04-01,0.0325000000000001,-0.0049999999999998,0.0074999999999998,0.505250000000018,-2.1426999999999907,0.0667855694726627,5.98,3.41,3.658536585365857,-2.1978021978022,-2.7624309392265216,0.2598899999999844,0.3139999999999929,2014,4
2014-05-01,-0.1025,-0.1455000000000001,-0.0615000000000001,0.419019999999989,3.2499699999999905,1.958233970091976,6.22,3.42,-6.47058823529411,-7.116104868913856,-3.693181818181815,0.2658000000000129,0.2680000000000007,2014,5
2014-06-01,-0.0249999999999999,-0.0295000000000005,-0.0159999999999995,0.4455499999999972,4.201650000000001,2.282661653635719,5.81,3.45,5.660377358490557,2.0161290322580574,0.8849557522123837,0.1848799999999926,0.3840000000000145,2014,6
2014-07-01,-0.0289999999999999,-0.0324999999999997,-0.0020000000000002,0.4665500000000122,-0.9747799999999956,-1.9686135433111536,6.3,3.44,1.1904761904761916,1.976284584980248,-2.631578947368417,0.1577100000000086,0.5089999999999861,2014,7
2014-08-01,0.0114999999999998,-0.0149999999999996,-0.0205000000000001,0.3626299999999958,5.342159999999993,3.860838213004111,6.07,3.49,-4.117647058823533,-8.914728682170542,-3.9039039039039007,-0.022449999999992,0.6400000000000148,2014,8
2014-09-01,0.06,0.0474999999999994,0.0575000000000001,0.4588200000000029,-2.2048799999999886,-2.17872143375619,6.42,3.51,8.588957055214733,7.234042553191486,1.874999999999988,0.0100499999999783,0.6939999999999884,2014,9
2014-10-01,-0.0975000000000001,-0.1265,-0.0489999999999999,0.3582099999999855,3.4857299999999896,2.644618953399779,6.18,3.56,-12.429378531073445,-6.746031746031743,-6.748466257668705,-0.0277700000000038,0.7379999999999995,2014,10
2014-11-01,-0.0224999999999999,-0.0384999999999995,0.0264999999999999,0.5312300000000221,4.08314,2.267883055260251,6.2,3.58,4.5161290322580685,-7.234042553191486,0.0,-0.2640199999999879,0.6940000000000168,2014,11
2014-12-01,-0.0594999999999998,-0.1335000000000001,-0.0244999999999997,0.345499999999987,-1.4105299999999945,-0.2163999216406093,6.6,3.61,1.2345679012345552,-0.4587155963302857,-6.907894736842104,-0.4317800000000034,0.7279999999999802,2014,12
2015-01-01,-0.1430000000000002,-0.1939999999999999,-0.0855000000000001,0.4643399999999928,-2.558400000000006,-2.866252231165843,6.58,3.62,-16.463414634146332,-22.58064516129032,-13.07420494699647,-0.8889599999999973,0.6290000000000191,2015,1
2015-02-01,0.0224999999999999,0.04,0.0449999999999999,0.5240500000000168,8.331490000000002,5.459467932640645,6.01,3.57,7.29927007299269,19.04761904761905,4.471544715447149,0.3514499999999998,0.4579999999999984,2015,2
2015-03-01,0.0325000000000001,0.06,0.0274999999999998,0.4892199999999889,-1.5897099999999966,-1.2886148080922608,5.77,3.61,3.40136054421769,-3.0000000000000027,2.3346303501945544,0.3744800000000055,0.6809999999999832,2015,3
2015-04-01,-0.0979999999999998,-0.0979999999999998,-0.1009999999999999,0.4035399999999924,1.028589999999994,0.4432625639101838,6.88,3.67,-11.184210526315784,5.670103092783499,-1.5209125475285186,0.1453099999999949,0.5010000000000048,2015,4
2015-05-01,0.1204999999999998,0.1679999999999997,0.0285000000000001,0.4273000000000024,3.263920000000013,1.0721786044863169,6.41,3.71,14.074074074074067,3.414634146341477,14.28571428571429,0.4601299999999924,0.5749999999999886,2015,5
2015-06-01,0.1299999999999999,0.1425,0.0949999999999997,0.5074700000000121,-2.1104700000000065,-1.9226127395024777,6.34,3.77,9.090909090909085,10.849056603773583,5.067567567567564,0.3874800000000107,0.5600000000000023,2015,6
2015-07-01,0.0215,0.0635000000000003,-0.0274999999999998,0.5295700000000068,3.5887699999999967,1.6475290120325812,6.37,3.87,-2.976190476190479,-6.382978723404251,-1.2861736334405156,0.2226799999999968,0.6520000000000152,2015,7
2015-08-01,-0.0865,-0.1410000000000004,-0.0299999999999998,0.4892199999999889,-8.92738,-6.1581456188724575,6.59,3.96,-5.521472392638029,0.4545454545454448,-6.840390879478826,-0.0005899999999883,0.806999999999988,2015,8
2015-09-01,-0.0324999999999997,-0.0149999999999996,-0.0125000000000001,0.588719999999995,-3.967920000000007,-2.886567757017972,6.63,4.02,-3.2467532467532494,-6.787330316742078,3.1468531468531578,-0.3160100000000057,0.90300000000002,2015,9
2015-10-01,-0.0850000000000004,-0.0940000000000003,-0.0274999999999998,0.4704299999999932,11.003840000000013,7.883818975761285,6.45,4.04,-6.71140939597316,4.854368932038839,-2.0338983050847474,0.1388100000000065,0.9729999999999848,2015,10
2015-11-01,0.1525000000000003,0.1465,0.1049999999999999,0.3963500000000124,1.3937899999999956,0.0876273211944415,6.49,4.13,20.143884892086334,2.3148148148148064,4.844290657439435,0.1677499999999838,0.9509999999999934,2015,11
2015-12-01,0.0434999999999998,0.0215,0.0429999999999997,0.4256499999999903,-2.569819999999993,-2.1448447493366487,7.09,4.14,1.7964071856287442,2.714932126696835,-1.9801980198019675,-0.151219999999995,0.8140000000000214,2015,12
2016-01-01,-0.0510000000000001,-0.0914999999999999,-0.0604999999999997,0.5400800000000174,-9.985410000000002,-5.562760673112491,6.71,4.18,-10.588235294117643,-14.537444933920709,-3.703703703703714,-0.0643799999999998,0.7629999999999768,2016,1
2016-02-01,-0.1949999999999998,-0.2124999999999999,-0.1474999999999999,0.5069100000000049,-1.421199999999999,-0.3170745877549487,7.35,4.26,-19.73684210526316,-10.309278350515465,-8.391608391608383,-0.1866500000000144,0.3389999999999986,2016,2
2016-03-01,0.0060000000000002,0.0339999999999998,0.0659999999999998,0.4720799999999769,7.915549999999996,6.873693704303735,7.11,4.26,13.114754098360647,2.2988505747126458,2.2900763358778646,0.4394600000000253,0.5440000000000111,2016,3
2016-04-01,-0.096,-0.0889999999999999,-0.0634999999999998,0.5118900000000224,-2.3980200000000025,0.5355073981333358,7.11,4.31,-8.695652173913036,2.8089887640449462,-2.238805970149256,0.5386900000000026,0.6220000000000141,2016,4
2016-05-01,-0.0275000000000003,-0.0049999999999998,-0.02,0.5384199999999737,4.38261,1.5513963964188586,7.17,4.29,3.174603174603177,0.5464480874316944,0.3816793893129689,0.3337199999999996,0.657999999999987,2016,5
2016-06-01,-0.0004999999999997,-0.032,-0.0365000000000002,0.5168600000000083,-2.67438,0.131235320063148,7.56,4.3,-10.000000000000009,-19.021739130434785,-6.844106463878316,0.392799999999994,0.6229999999999905,2016,6
2016-07-01,-0.0945,-0.1280000000000001,-0.0259999999999998,0.4897699999999929,8.107399999999998,3.808838002733587,7.44,4.3,-8.547008547008536,-2.0134228187919483,-8.979591836734702,-0.071470000000005,0.731000000000023,2016,7
2016-08-01,-0.0024999999999999,-0.0049999999999998,-0.0049999999999998,0.4626900000000091,1.296590000000009,-0.0032604668220566,7.43,4.3,5.607476635514002,8.219178082191789,1.345291479820619,0.2622499999999945,1.0019999999999811,2016,8
2016-09-01,0.0109999999999996,0.0249999999999999,0.0689999999999999,0.5561099999999897,2.506879999999996,-0.0569655204432921,7.35,4.33,4.424778761061951,1.2658227848101276,3.982300884955766,0.3727100000000121,0.9800000000000182,2016,9
2016-10-01,0.0065000000000003,0.0100000000000002,0.0135,0.652290000000022,-3.118249999999989,-2.156159952529258,7.59,4.42,7.627118644067804,15.0,6.382978723404251,0.3337300000000027,0.934999999999974,2016,10
2016-11-01,0.2649999999999997,0.2999999999999998,0.1574999999999997,0.5572099999999978,3.414669999999973,4.279606102660369,7.85,4.44,25.98425196850394,28.80434782608696,14.399999999999997,0.1683400000000006,1.0010000000000048,2016,11
2016-12-01,0.4005000000000001,0.4280000000000004,0.2410000000000001,0.5793299999999988,1.5085000000000264,1.896612675700212,7.69,4.46,22.5,3.3755274261603407,8.741258741258742,0.3608999999999867,0.9550000000000124,2016,12
2017-01-01,-0.0404999999999997,-0.048,0.0165000000000001,0.4975100000000054,5.879419999999982,1.666711197038948,7.88,4.44,-2.040816326530614,0.0,-2.893890675241153,0.5806300000000135,1.1239999999999952,2017,1
2017-02-01,-0.0075000000000002,0.0175,-0.0475000000000003,0.5008299999999792,5.345969999999994,3.4890722700692773,7.53,4.52,-1.0416666666666676,-3.673469387755114,0.3311258278145624,0.1488399999999785,0.4970000000000141,2017,2
2017-03-01,0.0340000000000002,0.0284999999999993,0.0190000000000001,0.4466600000000085,2.19016000000002,-0.1159811938217676,7.95,4.53,5.78947368421052,1.6949152542372898,1.650165016501659,-0.062609999999978,0.7589999999999861,2017,3
2017-04-01,-0.1140000000000003,-0.1509999999999998,-0.0665,0.4461000000000013,3.44817999999998,0.9403513562474832,7.7,4.57,-9.452736318407949,-4.583333333333329,-4.545454545454549,0.3000599999999735,0.7930000000000064,2017,4
2017-05-01,-0.0449999999999999,-0.0350000000000001,-0.0299999999999998,0.5616400000000112,3.829860000000025,0.7700524534462999,7.95,4.59,1.0989010989011,-3.493449781659392,0.680272108843538,-0.121089999999981,0.8889999999999816,2017,5
2017-06-01,-0.0809999999999999,-0.1059999999999998,0.0184999999999999,0.5373099999999909,-1.474490000000003,0.7256287849502997,8.13,4.63,-3.80434782608696,4.524886877828059,-5.405405405405411,0.088009999999997,0.8210000000000264,2017,6
2017-07-01,0.0609999999999999,0.0634999999999998,0.084,0.4372600000000091,5.271109999999993,1.7670209726233823,8.42,4.63,5.649717514124299,-0.4329004329004429,2.85714285714286,0.0366300000000023,0.8839999999999861,2017,7
2017-08-01,-0.0749999999999997,-0.0874999999999999,-0.068,0.6047499999999957,2.043980000000005,-0.0029000728286688,7.4,4.75,-4.812834224598935,-7.826086956521728,-2.7777777777777803,0.5463599999999929,1.1939999999999884,2017,8
2017-09-01,-0.0550000000000001,-0.0749999999999997,0.0104999999999999,0.4311799999999834,1.7079699999999889,2.277956540084769,7.88,4.8,1.1235955056179785,9.905660377358489,-0.714285714285715,0.7950400000000002,1.078000000000003,2017,9
2017-10-01,0.0950000000000002,0.0899999999999998,0.0175,0.5439500000000237,5.880439999999993,2.0462982168258814,8.0,4.87,9.999999999999996,2.145922746781108,3.5971223021582768,0.0626100000000065,1.024000000000001,2017,10
2017-11-01,0.0879999999999996,0.0270000000000001,0.06,0.5422799999999768,3.7128700000000094,2.7812535044471245,7.97,4.96,3.5353535353535275,1.6806722689075646,-2.7777777777777803,0.4258700000000033,1.1170000000000186,2017,11
2017-12-01,0.0969999999999999,0.028,0.1524999999999998,0.6406900000000064,0.7466300000000103,0.9442994806403588,8.47,4.96,6.341463414634163,-0.8264462809917362,-1.0714285714285643,0.2114599999999882,1.1899999999999975,2017,12
2018-01-01,0.0975000000000001,0.0824999999999995,0.08,0.5837500000000091,12.894539999999978,5.142856047749966,8.58,4.98,9.17431192660549,13.333333333333346,3.9711191335740015,0.5818099999999902,1.167999999999978,2018,1
2018-02-01,0.3025000000000002,0.2975000000000003,0.1225,0.3631799999999998,-3.5141500000000008,-3.887625151056172,8.8,5.01,9.243697478991605,5.514705882352938,8.680555555555555,0.3420000000000129,0.9410000000000024,2018,2
2018-03-01,0.125,0.1139999999999998,0.0569999999999999,0.4052000000000078,-5.318569999999994,-2.2560721384776867,8.49,5.06,1.1538461538461462,-4.529616724738672,-1.2779552715654965,0.1281700000000114,0.9490000000000124,2018,3
2018-04-01,0.0149999999999996,0.0235000000000003,0.008,0.5831899999999735,0.0717199999999991,0.289695652949993,7.83,5.15,2.661596958174916,7.664233576642333,-0.647249190938512,0.4477299999999786,0.8520000000000039,2018,4
2018-05-01,0.141,0.1185,0.1299999999999999,0.4566100000000119,9.538520000000004,2.514670377601994,8.81,5.21,4.444444444444431,-4.067796610169495,1.9543973941368096,0.3018300000000238,0.7740000000000009,2018,5
2018-06-01,-0.0259999999999998,-0.016,0.0274999999999998,0.4632400000000132,1.7305100000000095,0.5129474832831409,8.59,5.2,-1.418439716312058,0.7067137809187285,-2.5559105431309925,0.21617999999998,0.6869999999999834,2018,6
2018-07-01,-0.0324999999999997,-0.0425000000000004,0.0175,0.5362099999999828,4.098209999999995,3.298394187389809,8.18,5.25,0.0,3.8596491228070127,-1.3114754098360668,0.1140000000000043,0.5330000000000155,2018,7
2018-08-01,0.0104999999999995,0.0224999999999999,0.0390000000000001,0.6052999999999997,11.109319999999997,3.2824750756217047,9.43,5.21,-0.3597122302158196,-3.378378378378381,0.9966777408637956,0.2303599999999903,0.7259999999999991,2018,8
2018-09-01,0.0620000000000002,0.0775000000000005,0.0634999999999998,0.5002800000000036,-1.6034899999999936,0.0253717966896829,8.46,5.25,4.332129963898921,6.6433566433566416,3.618421052631575,0.2646200000000078,0.6069999999999993,2018,9
2018-10-01,0.1674999999999995,0.2024999999999996,0.1425,0.4831399999999917,-18.79158000000001,-7.39279539297837,8.24,5.29,3.806228373702418,3.2786885245901667,6.031746031746031,0.4229200000000048,0.695999999999998,2018,10
2018-11-01,0.0345000000000004,0.0359999999999995,0.0259999999999998,0.6451100000000167,0.6252499999999941,1.6913905744803392,7.8,5.32,-1.6666666666666607,-4.444444444444449,0.5988023952095813,-0.0454799999999977,0.5039999999999907,2018,11
2018-12-01,-0.1920000000000001,-0.2284999999999994,-0.0834999999999999,0.4306200000000046,-17.644569999999987,-9.463559578712752,7.7,5.39,-9.152542372881356,-10.631229235880395,-7.738095238095231,-0.1943300000000078,0.4190000000000111,2018,12
2019-01-01,-0.1839999999999997,-0.1734999999999997,-0.1145,0.519629999999978,16.406180000000006,8.51088053638732,9.27,5.42,-5.22388059701493,-2.2304832713754665,-1.935483870967744,-0.0307200000000023,0.4139999999999872,2019,1
2019-02-01,-0.1060000000000003,-0.0940000000000003,-0.0404999999999997,0.5174100000000124,6.364739999999983,3.2498621914401573,8.26,5.4,-1.968503937007867,3.802281368821296,-0.6578947368421059,0.3118800000000021,0.396000000000015,2019,2
2019-03-01,-0.0825,-0.1050000000000004,-0.0424999999999999,0.6931999999999903,4.994200000000006,1.3451430230602368,9.55,5.31,-4.819277108433739,-11.721611721611715,-1.3245033112582794,0.6957999999999913,0.6409999999999911,2019,3
2019-04-01,-0.1124999999999998,-0.1224999999999996,-0.0725000000000002,0.7208400000000097,9.290210000000002,3.897143489572547,9.24,5.28,-1.6877637130801704,4.149377593360981,-1.342281879194632,0.6964000000000112,0.7299999999999898,2019,4
2019-05-01,-0.0710000000000001,-0.0705,-0.1025,0.4134899999999959,-16.299029999999988,-6.737023106439814,8.87,5.23,-6.0085836909871295,-14.741035856573692,-4.081632653061228,0.0265799999999956,0.6380000000000052,2019,5
2019-06-01,-0.2965,-0.2694999999999998,-0.1749999999999998,0.7307900000000132,14.036669999999988,6.796751948751973,8.75,5.22,-16.438356164383556,-6.54205607476636,-8.865248226950355,0.0307099999999991,0.3430000000000177,2019,6
2019-07-01,-0.0349999999999997,-0.0375,-0.0100000000000002,0.4858999999999867,4.293430000000001,1.3780128816376027,9.13,5.2,0.0,1.0000000000000009,0.0,0.2965200000000152,0.3849999999999909,2019,7
2019-08-01,-0.1205000000000002,-0.149,-0.1049999999999999,0.4715300000000013,-5.393810000000002,-2.2682615314471315,9.38,5.16,-18.5792349726776,-25.742574257425744,-17.509727626459135,0.1140000000000043,0.686000000000007,2019,8
2019-09-01,0.0330000000000003,-0.0110000000000001,0.0224999999999999,0.6832500000000152,0.925219999999996,1.66720424673335,8.52,5.21,5.369127516778528,11.999999999999996,1.8867924528301905,0.2445299999999974,0.6929999999999836,2019,9
2019-10-01,0.0269999999999996,0.0830000000000001,-0.0004999999999997,0.3631899999999746,7.436370000000011,2.068880570648956,9.2,5.2,-2.5477707006369448,0.5952380952380958,1.3888888888888795,0.5050200000000018,0.7139999999999986,2019,10
2019-11-01,0.0155000000000002,0.0069999999999996,0.0304999999999999,0.5378600000000233,9.469059999999985,3.487875657173473,9.15,5.22,7.189542483660122,5.3254437869822535,4.109589041095884,0.3555899999999781,0.9159999999999968,2019,11
2019-12-01,0.02,0.0250000000000003,-0.02,0.511889999999994,7.794530000000009,2.757433828454244,9.03,5.27,2.4390243902439046,7.865168539325837,0.8771929824561412,0.126400000000018,0.9920000000000186,2019,12
2020-01-01,-0.1055000000000001,-0.096,-0.0584999999999999,0.6478699999999833,4.52582000000001,-0.1060468296599685,9.06,5.34,-7.142857142857137,-21.354166666666664,-3.4782608695652013,0.2858799999999917,1.0509999999999875,2020,1
2020-02-01,-0.1019999999999998,-0.1590000000000002,-0.0714999999999999,0.5395200000000102,-14.810130000000015,-8.390910545352808,10.1,5.37,-15.384615384615383,-25.16556291390729,-11.26126126126127,0.0809199999999918,0.9920000000000186,2020,2
2020-03-01,-0.0850000000000004,-0.0149999999999996,-0.1025,0.5245999999999924,-22.009950000000003,-13.783619589058135,9.07,5.33,-55.30303030303031,-38.05309734513274,-25.888324873096447,-0.4932000000000016,1.245999999999981,2020,3
2020-04-01,-0.0809999999999999,-0.1440000000000001,0.1519999999999997,0.4107300000000009,30.186480000000017,13.13235129381346,8.85,5.15,-33.89830508474576,-8.571428571428562,-13.013698630136982,-1.0614300000000014,0.8660000000000139,2020,4
2020-05-01,-0.1114999999999999,-0.0735000000000001,-0.1494999999999997,0.4256500000000187,15.235199999999992,4.978275111026777,8.38,5.08,-12.820512820512816,1.562500000000001,8.661417322834636,-0.1476699999999766,0.2160000000000081,2020,5
2020-06-01,-0.0899999999999998,-0.0699999999999998,-0.0700000000000002,0.2664399999999887,14.437669999999995,2.196240379371522,9.29,5.09,0.0,1.5384615384615397,7.971014492753631,0.7914899999999818,0.4179999999999779,2020,6
2020-07-01,-0.0825,-0.1465,-0.0705,0.3123300000000029,17.42249000000001,5.544067981613347,9.48,5.14,-17.64705882352941,-16.666666666666664,-12.080536912751674,0.7808700000000215,1.3600000000000136,2020,7
2020-08-01,-0.0449999999999999,-0.0809999999999999,-0.1169999999999999,0.1907099999999957,26.144479999999987,7.130510346417907,8.95,5.26,-3.571428571428574,30.90909090909089,3.816793893129775,0.5357299999999725,2.7819999999999823,2020,8
2020-09-01,-0.0900000000000003,-0.0449999999999999,0.0700000000000002,0.2775100000000066,-15.42881,-3.871059093131556,9.12,5.42,0.0,-4.166666666666671,4.41176470588234,0.3768500000000188,3.176000000000016,2020,9
2020-10-01,-0.0389999999999997,-0.056,-0.0870000000000001,0.3018199999999922,-6.494799999999998,-2.301795648903389,8.83,5.65,25.925925925925924,27.536231884057983,10.56338028169015,0.1848799999999926,3.7309999999999945,2020,10
2020-11-01,-0.0409999999999999,-0.0689999999999999,0.1145,0.1536800000000084,32.665880000000016,11.807573301877415,8.97,5.86,14.705882352941172,-4.545454545454549,3.184713375796181,0.2746600000000114,3.334000000000003,2020,11
2020-12-01,-0.0870000000000001,-0.0809999999999999,-0.2145000000000001,0.2139300000000048,17.49946,4.3250051820568025,9.5,6.11,0.0,10.714285714285724,3.0864197530864086,0.3738899999999887,2.954000000000008,2020,12
